id,decoding,title,aliases,categories,subcategories,types,variations,mechanisms,configurations,inclinations,source
199,Bench (Hyperextension) ⟮-⟯ [-] ⟨45 Degree⟩ ⧼Stand⧽,45 Degree Hyperextension Bench,,Stand,,Bench,Hyperextension,-,-,45 Degree,../Equipment/45 Degree Hyperextension Bench
200,Bench (Hyperextension) ⟮-⟯ [-] ⟨90 Degree⟩ ⧼Stand⧽,90 Degree Hyperextension Bench,,Stand,,Bench,Hyperextension,-,-,90 Degree,../Equipment/90 Degree Hyperextension Bench
252,Ab Rocker (-) ⟮-⟯ [-] ⟨-⟩ ⧼Apparatus⧽,Ab Rocker,,Apparatus,,Ab Rocker,-,-,-,-,../Equipment/Ab Rocker
283,Straps (Ab) ⟮-⟯ [-] ⟨-⟩ ⧼Gear⧽,Ab Straps,,Gear,,Straps,Ab,-,-,-,../Equipment/Ab Straps
99,Roller (Ab Wheel) ⟮-⟯ [-] ⟨-⟩ ⧼Apparatus⧽,Ab Wheel Roller,"Abdominal Roller Wheel, Abdominal Rollout Wheel, Ab Roller, Ab Rollout Wheel, Roll Wheel, Ab Wheel",Apparatus,,Roller,Ab Wheel,-,-,-,../Equipment/Ab Wheel Roller
192,Bench (Abdominal) ⟮-⟯ [-] ⟨-⟩ ⧼Stand⧽,Abdominal Bench,"Ab Bench, Crunch Bench, Sit Up Bench, Declined Bench, Abdominal Board, Crunch Board",Stand,,Bench,Abdominal,-,-,-,../Equipment/Abdominal Bench
31,Machine (Adaptive Motion Trainer) ⟮-⟯ [-] ⟨-⟩ ⧼Cardio Machine⧽,Adaptive Motion Trainer Machine,AMT,Cardio Machine,,Machine,Adaptive Motion Trainer,-,-,-,../Equipment/Adaptive Motion Trainer Machine
8,Dumbbell (-) ⟮Adjustable⟯ [-] ⟨-⟩ ⧼Free Weight⧽,Adjustable Dumbbell,Adjustable Weight Dumbbell,Free Weight,,Dumbbell,-,Adjustable,-,-,../Equipment/Adjustable Dumbbell
224,Dumbbell (-) ⟮Adjustable⟯ [-] ⟨-⟩ ⧼Free Weight⧽,Adjustable Dumbbells,,Free Weight,,Dumbbell,-,Adjustable,-,-,../Equipment/Adjustable Dumbbells
256,Bench (Hyperextension) ⟮Adjustable⟯ [-] ⟨-⟩ ⧼Stand⧽,Adjustable Hyperextension Bench,,Stand,,Bench,Hyperextension,Adjustable,-,-,../Equipment/Adjustable Hyperextension Bench
17,Kettlebell (-) ⟮Adjustable⟯ [-] ⟨-⟩ ⧼Free Weight⧽,Adjustable Kettlebell,Adjustable Weight Kettlebell,Free Weight,,Kettlebell,-,Adjustable,-,-,../Equipment/Adjustable Kettlebell
225,Kettlebells (-) ⟮Adjustable⟯ [-] ⟨-⟩ ⧼Free Weight⧽,Adjustable Kettlebells,,Free Weight,,Kettlebells,-,Adjustable,-,-,../Equipment/Adjustable Kettlebells
141,Hurdle (Agility) ⟮-⟯ [-] ⟨-⟩ ⧼Apparatus⧽,Agility Hurdle,,Apparatus,,Hurdle,Agility,-,-,-,../Equipment/Agility Hurdle
20,Ladder (Agility) ⟮-⟯ [-] ⟨-⟩ ⧼Apparatus⧽,Agility Ladder,,Apparatus,,Ladder,Agility,-,-,-,../Equipment/Agility Ladder
2,Bike (Air) ⟮-⟯ [-] ⟨-⟩ ⧼Cardio Machine⧽,Air Bike,Air Stationary Bike,Cardio Machine,,Bike,Air,-,-,-,../Equipment/Air Bike
26,Machine (Rowing) ⟮Air⟯ [-] ⟨-⟩ ⧼Cardio Machine⧽,Air Rowing Machine,"Air Row Machine, Air Rower Machine",Cardio Machine,,Machine,Rowing,Air,-,-,../Equipment/Air Rowing Machine
140,Machine (Air Walker) ⟮-⟯ [-] ⟨-⟩ ⧼Cardio Machine⧽,Air Walker Machine,,Cardio Machine,,Machine,Air Walker,-,-,-,../Equipment/Air Walker Machine
151,Anchor (-) ⟮-⟯ [-] ⟨-⟩ ⧼Attachment⧽,Anchor,,Attachment,,Anchor,-,-,-,-,../Equipment/Anchor
150,Anchor (Strap) ⟮-⟯ [-] ⟨-⟩ ⧼Attachment⧽,Anchor Strap,,Attachment,,Anchor,Strap,-,-,-,../Equipment/Anchor Strap
167,Strap (Ankle) ⟮-⟯ [-] ⟨-⟩ ⧼Gear⧽,Ankle Strap,,Gear,,Strap,Ankle,-,-,-,../Equipment/Ankle Strap
243,Straps (Ankle) ⟮-⟯ [-] ⟨-⟩ ⧼Gear⧽,Ankle Straps,,Gear,,Straps,Ankle,-,-,-,../Equipment/Ankle Straps
32,Machine (Arc Trainer) ⟮-⟯ [-] ⟨-⟩ ⧼Cardio Machine⧽,Arc Trainer Machine,,Cardio Machine,,Machine,Arc Trainer,-,-,-,../Equipment/Arc Trainer Machine
131,Arm Blaster (-) ⟮-⟯ [-] ⟨-⟩ ⧼Gear⧽,Arm Blaster,"Bicep Vest, Curl Vest",Gear,,Arm Blaster,-,-,-,-,../Equipment/Arm Blaster
171,Board (Balance) ⟮-⟯ [-] ⟨-⟩ ⧼Stand⧽,Balance Board,"Wobble Board, Wobble Balance Board",Stand,,Board,Balance,-,-,-,../Equipment/Balance Board
217,Bar (Band) ⟮-⟯ [-] ⟨-⟩ ⧼Apparatus⧽,Band Bar,Resistance Band Bar,Apparatus,,Bar,Band,-,-,-,../Equipment/Band Bar
231,Footplate (Band) ⟮-⟯ [-] ⟨-⟩ ⧼Stand⧽,Band Footplate,Resistance Band Footplate,Stand,,Footplate,Band,-,-,-,../Equipment/Band Footplate
232,Handle (Band) ⟮-⟯ [-] ⟨-⟩ ⧼Attachment⧽,Band Handle,,Attachment,,Handle,Band,-,-,-,../Equipment/Band Handle
233,Handles (Band) ⟮-⟯ [-] ⟨-⟩ ⧼Attachment⧽,Band Handles,,Attachment,,Handles,Band,-,-,-,../Equipment/Band Handles
106,Rack (Bar) ⟮-⟯ [-] ⟨-⟩ ⧼Storage⧽,Bar Rack,"Barbell Stand, Barbell Stand, Bar Rack, Barbell Rack",Storage,,Rack,Bar,-,-,-,../Equipment/Bar Rack
285,Barbell (-) ⟮-⟯ [-] ⟨-⟩ ⧼Free Weight⧽,Barbell,,Free Weight,,Barbell,-,-,-,-,../Equipment/Barbell
148,Anchor (Barbell) ⟮-⟯ [-] ⟨-⟩ ⧼Attachment⧽,Barbell Anchor,"Barbell Landmine Anchor, Barbell Landmine Attachment",Attachment,,Anchor,Barbell,-,-,-,../Equipment/Barbell Anchor
101,Rope (Battle) ⟮-⟯ [-] ⟨-⟩ ⧼Free Weight⧽,Battle Rope,,Free Weight,,Rope,Battle,-,-,-,../Equipment/Battle Rope
98,Pad (Beam) ⟮-⟯ [-] ⟨-⟩ ⧼Apparatus⧽,Beam Pad,,Apparatus,,Pad,Beam,-,-,-,../Equipment/Beam Pad
206,Bench (Press) ⟮-⟯ [-] ⟨-⟩ ⧼Stand⧽,Bench Press,Weight Bench,Stand,,Bench,Press,-,-,-,../Equipment/Bench Press
284,Bodyweight (-) ⟮-⟯ [-] ⟨-⟩ ⧼Bodyweight⧽,Bodyweight,,Bodyweight,,Bodyweight,-,-,-,-,../Equipment/Bodyweight
222,Ball (Bosu) ⟮-⟯ [-] ⟨-⟩ ⧼Apparatus⧽,Bosu Ball,Balance Ball,Apparatus,,Ball,Bosu,-,-,-,../Equipment/Bosu Ball
145,Gloves (Boxing) ⟮-⟯ [-] ⟨-⟩ ⧼Gear⧽,Boxing Gloves,,Gear,,Gloves,Boxing,-,-,-,../Equipment/Boxing Gloves
23,Machine (Crossover) ⟮Cable⟯ [-] ⟨-⟩ ⧼Weight Machine⧽,Cable Crossover Machine,Crossover Functional Trainer,Weight Machine,,Machine,Crossover,Cable,-,-,../Equipment/Cable Crossover Machine
24,Machine (Lat Pulldown) ⟮Cable⟯ [-] ⟨-⟩ ⧼Weight Machine⧽,Cable Lat Pulldown Machine,,Weight Machine,,Machine,Lat Pulldown,Cable,-,-,../Equipment/Cable Lat Pulldown Machine
22,Machine (-) ⟮Cable⟯ [-] ⟨-⟩ ⧼Weight Machine⧽,Cable Machine,Functional Trainer,Weight Machine,,Machine,-,Cable,-,-,../Equipment/Cable Machine
25,Machine (Pulley) ⟮Cable⟯ [-] ⟨-⟩ ⧼Weight Machine⧽,Cable Pulley Machine,,Weight Machine,,Machine,Pulley,Cable,-,-,../Equipment/Cable Pulley Machine
14,Gloves (Calisthenics) ⟮-⟯ [-] ⟨-⟩ ⧼Gear⧽,Calisthenics Gloves,,Gear,,Gloves,Calisthenics,-,-,-,../Equipment/Calisthenics Gloves
280,Machine (Cardio Wave) ⟮-⟯ [-] ⟨-⟩ ⧼Cardio Machine⧽,Cardio Wave Machine,,Cardio Machine,,Machine,Cardio Wave,-,-,-,../Equipment/Cardio Wave Machine
180,Bar (Pull Up) ⟮-⟯ [Ceiling Mount] ⟨-⟩ ⧼Apparatus⧽,Ceiling Mount Pull Up Bar,Ceiling Mount Chin Up Bar,Apparatus,,Bar,Pull Up,-,Ceiling Mount,-,../Equipment/Ceiling Mount Pull Up Bar
215,Chair (-) ⟮-⟯ [-] ⟨-⟩ ⧼Stand⧽,Chair,,Stand,,Chair,-,-,-,-,../Equipment/Chair
286,Chairs (-) ⟮-⟯ [-] ⟨-⟩ ⧼Stand⧽,Chairs,,Stand,,Chairs,-,-,-,-,../Equipment/Chairs
149,Anchor (Climbing) ⟮Bolt⟯ [-] ⟨-⟩ ⧼Attachment⧽,Climbing Anchor Bolt,,Attachment,,Anchor,Climbing,Bolt,-,-,../Equipment/Climbing Anchor Bolt
102,Rope (Climbing) ⟮-⟯ [-] ⟨-⟩ ⧼Apparatus⧽,Climbing Rope,,Apparatus,,Rope,Climbing,-,-,-,../Equipment/Climbing Rope
248,Wall (Climbing) ⟮-⟯ [-] ⟨-⟩ ⧼Stand⧽,Climbing Wall,,Stand,,Wall,Climbing,-,-,-,../Equipment/Climbing Wall
142,Cone (-) ⟮-⟯ [-] ⟨-⟩ ⧼Apparatus⧽,Cone,,Apparatus,,Cone,-,-,-,-,../Equipment/Cone
126,Band (Loop) ⟮-⟯ [Consecutive] ⟨-⟩ ⧼Resistance Band⧽,Consecutive Loop Band,,Resistance Band,,Band,Loop,-,Consecutive,-,../Equipment/Consecutive Loop Band
133,Mat (Crash) ⟮-⟯ [-] ⟨-⟩ ⧼Apparatus⧽,Crash Mat,,Apparatus,,Mat,Crash,-,-,-,../Equipment/Crash Mat
35,Machine (Cross Trainer) ⟮-⟯ [-] ⟨-⟩ ⧼Cardio Machine⧽,Cross Trainer Machine,,Cardio Machine,,Machine,Cross Trainer,-,-,-,../Equipment/Cross Trainer Machine
164,Harness (Crunch) ⟮-⟯ [-] ⟨-⟩ ⧼Gear⧽,Crunch Harness,,Gear,,Harness,Crunch,-,-,-,../Equipment/Crunch Harness
193,Bench (Abdominal) ⟮-⟯ [Curved] ⟨-⟩ ⧼Stand⧽,Curved Abdominal Bench,,Stand,,Bench,Abdominal,-,Curved,-,../Equipment/Curved Abdominal Bench
113,Treadmill (-) ⟮-⟯ [Curved] ⟨-⟩ ⧼Cardio Machine⧽,Curved Treadmill,,Cardio Machine,,Treadmill,-,-,Curved,-,../Equipment/Curved Treadmill
241,Handle (D) ⟮-⟯ [-] ⟨-⟩ ⧼Attachment⧽,D Handle,Stirrup Handle,Attachment,,Handle,D,-,-,-,../Equipment/D Handle
132,Bar (D Handle) ⟮-⟯ [-] ⟨-⟩ ⧼Attachment⧽,D Handle Bar,Wide Grip D Handle Bar,Attachment,,Bar,D Handle,-,-,-,../Equipment/D Handle Bar
302,Handles (D) ⟮-⟯ [-] ⟨-⟩ ⧼Attachment⧽,D Handles,,Attachment,,Handles,D,-,-,-,../Equipment/D Handles
146,Bench (-) ⟮-⟯ [-] ⟨Declined⟩ ⧼Stand⧽,Declined Bench,,Stand,,Bench,-,-,-,Declined,../Equipment/Declined Bench
207,Bench (Press) ⟮-⟯ [-] ⟨Declined⟩ ⧼Stand⧽,Declined Bench Press,,Stand,,Bench,Press,-,-,Declined,../Equipment/Declined Bench Press
204,Bench (Olympic) ⟮-⟯ [-] ⟨Declined⟩ ⧼Stand⧽,Declined Olympic Bench,,Stand,,Bench,Olympic,-,-,Declined,../Equipment/Declined Olympic Bench
178,Bar (Dip) ⟮-⟯ [-] ⟨-⟩ ⧼Apparatus⧽,Dip Bar,Parallel Bar,Apparatus,,Bar,Dip,-,-,-,../Equipment/Dip Bar
227,Bar (Dip) ⟮-⟯ [-] ⟨-⟩ ⧼Apparatus⧽,Dip Bars,,Apparatus,,Bar,Dip,-,-,-,../Equipment/Dip Bars
190,Belt (Dip) ⟮-⟯ [-] ⟨-⟩ ⧼Gear⧽,Dip Belt,,Gear,,Belt,Dip,-,-,-,../Equipment/Dip Belt
110,Station (Dip) ⟮-⟯ [-] ⟨-⟩ ⧼Apparatus⧽,Dip Station,"Dipping Station, Dip Tower, Dip Cage, Leg Raise Station, Leg Raise Tower, Pull Up & Dip Station",Apparatus,,Station,Dip,-,-,-,../Equipment/Dip Station
181,Bar (Pull Up) ⟮-⟯ [Door Mount] ⟨-⟩ ⧼Apparatus⧽,Door Mount Pull Up Bar,Door Mount Chin Up Bar,Apparatus,,Bar,Pull Up,-,Door Mount,-,../Equipment/Door Mount Pull Up Bar
237,Doorway (-) ⟮-⟯ [-] ⟨-⟩ ⧼Stand⧽,Doorway,,Stand,,Doorway,-,-,-,-,../Equipment/Doorway
160,Handle (D) ⟮-⟯ [Double] ⟨-⟩ ⧼Attachment⧽,Double D Handle,Close Grip Handle,Attachment,,Handle,D,-,Double,-,../Equipment/Double D Handle
172,Ball (Lacrosse) ⟮-⟯ [Double] ⟨-⟩ ⧼Apparatus⧽,Double Lacrosse Ball,,Apparatus,,Ball,Lacrosse,-,Double,-,../Equipment/Double Lacrosse Ball
166,Rope (Tricep) ⟮-⟯ [Double] ⟨-⟩ ⧼Attachment⧽,Double Tricep Rope,,Attachment,,Rope,Tricep,-,Double,-,../Equipment/Double Tricep Rope
116,Machine (Twister) ⟮-⟯ [Dual] ⟨-⟩ ⧼Flexibility Machine⧽,Dual Twister Machine,Lever Standing Dual Torso Rotation Machine,Flexibility Machine,,Machine,Twister,-,Dual,-,../Equipment/Dual Twister Machine
287,Dumbbell (-) ⟮-⟯ [-] ⟨-⟩ ⧼Free Weight⧽,Dumbbell,,Free Weight,,Dumbbell,-,-,-,-,../Equipment/Dumbbell
107,Rack (Dumbbell) ⟮-⟯ [-] ⟨-⟩ ⧼Storage⧽,Dumbbell Rack,"Dumbbell Stand, Weight Rack",Storage,,Rack,Dumbbell,-,-,-,../Equipment/Dumbbell Rack
288,Dumbbells (-) ⟮-⟯ [-] ⟨-⟩ ⧼Free Weight⧽,Dumbbells,,Free Weight,,Dumbbells,-,-,-,-,../Equipment/Dumbbells
36,Machine (Elliptical) ⟮-⟯ [-] ⟨-⟩ ⧼Cardio Machine⧽,Elliptical Machine,,Cardio Machine,,Machine,Elliptical,-,-,-,../Equipment/Elliptical Machine
12,Bar (EZ) ⟮-⟯ [-] ⟨-⟩ ⧼Free Weight⧽,EZ Bar,"EZ Curl Bar, Curl Bar",Free Weight,,Bar,EZ,-,-,-,../Equipment/EZ Bar
13,Barbell (EZ) ⟮-⟯ [-] ⟨-⟩ ⧼Free Weight⧽,EZ Barbell,"EZ Curl Barbell, Curl Barbell",Free Weight,,Barbell,EZ,-,-,-,../Equipment/EZ Barbell
242,Handle (EZ) ⟮-⟯ [-] ⟨-⟩ ⧼Attachment⧽,EZ Handle,"Curl Bar, EZ Curl Handle, EZ Bar Handle, EZ Curl Bar Handle",Attachment,,Handle,EZ,-,-,-,../Equipment/EZ Handle
125,Band (Tube) ⟮-⟯ [Figure 8] ⟨-⟩ ⧼Resistance Band⧽,Figure 8 Tube Band,,Resistance Band,,Band,Tube,-,Figure 8,-,../Equipment/Figure 8 Tube Band
143,Gripper (Finger) ⟮-⟯ [-] ⟨-⟩ ⧼Apparatus⧽,Finger Gripper,,Apparatus,,Gripper,Finger,-,-,-,../Equipment/Finger Gripper
40,Machine (Abduction) ⟮Fixed⟯ [-] ⟨-⟩ ⧼Weight Machine⧽,Fixed Abduction Machine,"Abductor Machine, Leg Abduction Machine, Leg Abductor, Leg Abductor, Leg Abductor Machine",Weight Machine,,Machine,Abduction,Fixed,-,-,../Equipment/Fixed Abduction Machine
41,Machine (Adduction) ⟮Fixed⟯ [-] ⟨-⟩ ⧼Weight Machine⧽,Fixed Adduction Machine,"Adductor Machine, Leg Adduction Machine, Leg Adductor, Leg Adductor, Leg Adductor Machine",Weight Machine,,Machine,Adduction,Fixed,-,-,../Equipment/Fixed Adduction Machine
52,Machine (Dip) ⟮Fixed⟯ [-] ⟨Assisted⟩ ⧼Weight Machine⧽,Fixed Assisted Dip Machine,"Assisted Pull Up Machine, Assisted Chin Up Machine, Assisted Chin Machine",Weight Machine,,Machine,Dip,Fixed,-,Assisted,../Equipment/Fixed Assisted Dip Machine
267,Machine (Pull Up) ⟮Fixed⟯ [-] ⟨Assisted⟩ ⧼Weight Machine⧽,Fixed Assisted Pull Up Machine,,Weight Machine,,Machine,Pull Up,Fixed,-,Assisted,../Equipment/Fixed Assisted Pull Up Machine
42,Machine (Back Extension) ⟮Fixed⟯ [-] ⟨-⟩ ⧼Weight Machine⧽,Fixed Back Extension Machine,,Weight Machine,,Machine,Back Extension,Fixed,-,-,../Equipment/Fixed Back Extension Machine
250,Station (Abdominal & Back Extension) ⟮Fixed⟯ [-] ⟨-⟩ ⧼Weight Machine⧽,Fixed Back Extension Station,Fixed Abdominal Extension Station,Weight Machine,,Station,Abdominal & Back Extension,Fixed,-,-,../Equipment/Fixed Back Extension Station
49,Machine (Bicep Curl) ⟮Fixed⟯ [-] ⟨-⟩ ⧼Weight Machine⧽,Fixed Bicep Curl Machine,,Weight Machine,,Machine,Bicep Curl,Fixed,-,-,../Equipment/Fixed Bicep Curl Machine
278,Machine (Bridge) ⟮Fixed⟯ [-] ⟨-⟩ ⧼Weight Machine⧽,Fixed Bridge Machine,Fixed Thrust Machine,Weight Machine,,Machine,Bridge,Fixed,-,-,../Equipment/Fixed Bridge Machine
47,Machine (Crunch) ⟮Fixed⟯ [-] ⟨-⟩ ⧼Weight Machine⧽,Fixed Crunch Machine,"Ab Crunch Fixed Machine, Abdominal Fixed Machine, Ab Fixed Machine",Weight Machine,,Machine,Crunch,Fixed,-,-,../Equipment/Fixed Crunch Machine
272,Machine (Donkey Calf) ⟮Fixed⟯ [-] ⟨-⟩ ⧼Weight Machine⧽,Fixed Donkey Calf Machine,,Weight Machine,,Machine,Donkey Calf,Fixed,-,-,../Equipment/Fixed Donkey Calf Machine
9,Dumbbell (-) ⟮Fixed⟯ [-] ⟨-⟩ ⧼Free Weight⧽,Fixed Dumbbell,Fixed Weight Dumbbell,Free Weight,,Dumbbell,-,Fixed,-,-,../Equipment/Fixed Dumbbell
223,Dumbbell (-) ⟮Fixed⟯ [-] ⟨-⟩ ⧼Free Weight⧽,Fixed Dumbbells,,Free Weight,,Dumbbell,-,Fixed,-,-,../Equipment/Fixed Dumbbells
55,Machine (Fly) ⟮Fixed⟯ [-] ⟨-⟩ ⧼Weight Machine⧽,Fixed Fly Machine,"Pec Deck Fly Fixed Machine, Pec Deck Fixed Machine, Butterfly Fixed Machine",Weight Machine,,Machine,Fly,Fixed,-,-,../Equipment/Fixed Fly Machine
253,Machine (Leg Curl) ⟮Fixed⟯ [-] ⟨-⟩ ⧼Weight Machine⧽,Fixed Horizontal Leg Curl Machine,,Weight Machine,,Machine,Leg Curl,Fixed,-,-,../Equipment/Fixed Horizontal Leg Curl Machine
263,Machine (Chest Press) ⟮Fixed⟯ [Sitting] ⟨Inclined⟩ ⧼Weight Machine⧽,Fixed Inclined Sitting Chest Press Machine,,Weight Machine,,Machine,Chest Press,Fixed,Sitting,Inclined,../Equipment/Fixed Inclined Sitting Chest Press Machine
18,Kettlebell (-) ⟮Fixed⟯ [-] ⟨-⟩ ⧼Free Weight⧽,Fixed Kettlebell,Fixed Weight Kettlebell,Free Weight,,Kettlebell,-,Fixed,-,-,../Equipment/Fixed Kettlebell
226,Kettlebells (-) ⟮Fixed⟯ [-] ⟨-⟩ ⧼Free Weight⧽,Fixed Kettlebells,,Free Weight,,Kettlebells,-,Fixed,-,-,../Equipment/Fixed Kettlebells
43,Machine (Kick Back) ⟮Fixed⟯ [-] ⟨-⟩ ⧼Weight Machine⧽,Fixed Kick Back Machine,"Butt Blaster Machine, Donkey Kick Machine",Weight Machine,,Machine,Kick Back,Fixed,-,-,../Equipment/Fixed Kick Back Machine
56,Machine (Lat Pulldown) ⟮Fixed⟯ [-] ⟨-⟩ ⧼Weight Machine⧽,Fixed Lat Pulldown Machine,,Weight Machine,,Machine,Lat Pulldown,Fixed,-,-,../Equipment/Fixed Lat Pulldown Machine
51,Machine (Leg Curl) ⟮Fixed⟯ [-] ⟨-⟩ ⧼Weight Machine⧽,Fixed Leg Curl Machine,,Weight Machine,,Machine,Leg Curl,Fixed,-,-,../Equipment/Fixed Leg Curl Machine
54,Machine (Leg Extension) ⟮Fixed⟯ [-] ⟨-⟩ ⧼Weight Machine⧽,Fixed Leg Extension Machine,,Weight Machine,,Machine,Leg Extension,Fixed,-,-,../Equipment/Fixed Leg Extension Machine
251,Machine (Lower Abdominal) ⟮Fixed⟯ [-] ⟨-⟩ ⧼Weight Machine⧽,Fixed Lower Abdominal Machine,,Weight Machine,,Machine,Lower Abdominal,Fixed,-,-,../Equipment/Fixed Lower Abdominal Machine
48,Machine (Preacher Curl) ⟮Fixed⟯ [-] ⟨-⟩ ⧼Weight Machine⧽,Fixed Preacher Curl Machine,Preacher Bicep Curl Machine,Weight Machine,,Machine,Preacher Curl,Fixed,-,-,../Equipment/Fixed Preacher Curl Machine
265,Machine (Pull Over) ⟮Fixed⟯ [-] ⟨-⟩ ⧼Weight Machine⧽,Fixed Pull Over Machine,,Weight Machine,,Machine,Pull Over,Fixed,-,-,../Equipment/Fixed Pull Over Machine
60,Machine (Rotary Torso) ⟮Fixed⟯ [-] ⟨-⟩ ⧼Weight Machine⧽,Fixed Rotary Torso Machine,,Weight Machine,,Machine,Rotary Torso,Fixed,-,-,../Equipment/Fixed Rotary Torso Machine
61,Machine (Rowing) ⟮Fixed⟯ [-] ⟨-⟩ ⧼Cardio Machine⧽,Fixed Rowing Machine,"Fixed Row Machine, Fixed Rower Machine",Cardio Machine,,Machine,Rowing,Fixed,-,-,../Equipment/Fixed Rowing Machine
63,Machine (Shoulder Press) ⟮Fixed⟯ [-] ⟨-⟩ ⧼Weight Machine⧽,Fixed Shoulder Press Machine,,Weight Machine,,Machine,Shoulder Press,Fixed,-,-,../Equipment/Fixed Shoulder Press Machine
44,Machine (Calf) ⟮Fixed⟯ [Sitting] ⟨-⟩ ⧼Weight Machine⧽,Fixed Sitting Calf Machine,"Fixed Sitting Squat Machine, Fixed Seated Calf Raise Machine",Weight Machine,,Machine,Calf,Fixed,Sitting,-,../Equipment/Fixed Sitting Calf Machine
46,Machine (Chest Press) ⟮Fixed⟯ [Sitting] ⟨-⟩ ⧼Weight Machine⧽,Fixed Sitting Chest Press Machine,,Weight Machine,,Machine,Chest Press,Fixed,Sitting,-,../Equipment/Fixed Sitting Chest Press Machine
53,Machine (Dip) ⟮Fixed⟯ [Sitting] ⟨-⟩ ⧼Weight Machine⧽,Fixed Sitting Dip Machine,,Weight Machine,,Machine,Dip,Fixed,Sitting,-,../Equipment/Fixed Sitting Dip Machine
57,Machine (Lateral Raise) ⟮Fixed⟯ [Sitting] ⟨-⟩ ⧼Weight Machine⧽,Fixed Sitting Lateral Raise Machine,,Weight Machine,,Machine,Lateral Raise,Fixed,Sitting,-,../Equipment/Fixed Sitting Lateral Raise Machine
58,Machine (Leg Press) ⟮Fixed⟯ [Sitting] ⟨-⟩ ⧼Weight Machine⧽,Fixed Sitting Leg Press Machine,Horizontal Leg Press Cable Machine,Weight Machine,,Machine,Leg Press,Fixed,Sitting,-,../Equipment/Fixed Sitting Leg Press Machine
279,Machine (Torso Rotation) ⟮Fixed⟯ [Sitting] ⟨-⟩ ⧼Weight Machine⧽,Fixed Sitting Torso Rotation Machine,,Weight Machine,,Machine,Torso Rotation,Fixed,Sitting,-,../Equipment/Fixed Sitting Torso Rotation Machine
245,Machine (Abduction) ⟮Fixed⟯ [Standing] ⟨-⟩ ⧼Weight Machine⧽,Fixed Standing Abduction Machine,,Weight Machine,,Machine,Abduction,Fixed,Standing,-,../Equipment/Fixed Standing Abduction Machine
247,Machine (Adduction) ⟮Fixed⟯ [Standing] ⟨-⟩ ⧼Weight Machine⧽,Fixed Standing Adduction Machine,,Weight Machine,,Machine,Adduction,Fixed,Standing,-,../Equipment/Fixed Standing Adduction Machine
271,Machine (Calf) ⟮Fixed⟯ [Standing] ⟨-⟩ ⧼Weight Machine⧽,Fixed Standing Calf Machine,Fixed Standing Squat Machine,Weight Machine,,Machine,Calf,Fixed,Standing,-,../Equipment/Fixed Standing Calf Machine
262,Machine (Kick Back) ⟮Fixed⟯ [Standing] ⟨-⟩ ⧼Weight Machine⧽,Fixed Standing Kick Back Machine,,Weight Machine,,Machine,Kick Back,Fixed,Standing,-,../Equipment/Fixed Standing Kick Back Machine
270,Machine (Lateral Raise) ⟮Fixed⟯ [Standing] ⟨-⟩ ⧼Weight Machine⧽,Fixed Standing Lateral Raise Machine,,Weight Machine,,Machine,Lateral Raise,Fixed,Standing,-,../Equipment/Fixed Standing Lateral Raise Machine
50,Machine (Leg Curl) ⟮Fixed⟯ [Standing] ⟨-⟩ ⧼Weight Machine⧽,Fixed Standing Leg Curl Machine,,Weight Machine,,Machine,Leg Curl,Fixed,Standing,-,../Equipment/Fixed Standing Leg Curl Machine
258,Machine (Leg Extension) ⟮Fixed⟯ [Standing] ⟨-⟩ ⧼Weight Machine⧽,Fixed Standing Leg Extension Machine,,Weight Machine,,Machine,Leg Extension,Fixed,Standing,-,../Equipment/Fixed Standing Leg Extension Machine
59,Machine (Leg Press) ⟮Fixed⟯ [Standing] ⟨-⟩ ⧼Weight Machine⧽,Fixed Standing Leg Press Machine,"Standing Leg Press Machine, Vertical Leg Press Machine",Weight Machine,,Machine,Leg Press,Fixed,Standing,-,../Equipment/Fixed Standing Leg Press Machine
64,Machine (Tricep Extension) ⟮Fixed⟯ [-] ⟨-⟩ ⧼Weight Machine⧽,Fixed Tricep Extension Machine,,Weight Machine,,Machine,Tricep Extension,Fixed,-,-,../Equipment/Fixed Tricep Extension Machine
65,Machine (Tricep Press) ⟮Fixed⟯ [-] ⟨-⟩ ⧼Weight Machine⧽,Fixed Tricep Press Machine,,Weight Machine,,Machine,Tricep Press,Fixed,-,-,../Equipment/Fixed Tricep Press Machine
289,Band (Flat) ⟮-⟯ [-] ⟨-⟩ ⧼Resistance Band⧽,Flat Band,,Resistance Band,,Band,Flat,-,-,-,../Equipment/Flat Band
197,Bench (Flat) ⟮-⟯ [-] ⟨-⟩ ⧼Stand⧽,Flat Bench,Bench,Stand,,Bench,Flat,-,-,-,../Equipment/Flat Bench
290,Benches (Flat) ⟮-⟯ [-] ⟨-⟩ ⧼Stand⧽,Flat Benches,,Stand,,Benches,Flat,-,-,-,../Equipment/Flat Benches
100,Roller (Foam) ⟮-⟯ [-] ⟨-⟩ ⧼Apparatus⧽,Foam Roller,Massage Stick,Apparatus,,Roller,Foam,-,-,-,../Equipment/Foam Roller
177,Bar (Free) ⟮-⟯ [-] ⟨-⟩ ⧼Free Weight⧽,Free Bar,Bar,Free Weight,,Bar,Free,-,-,-,../Equipment/Free Bar
182,Bar (Pull Up) ⟮-⟯ [Freestanding] ⟨-⟩ ⧼Apparatus⧽,Freestanding Pull Up Bar,,Apparatus,,Bar,Pull Up,-,Freestanding,-,../Equipment/Freestanding Pull Up Bar
229,Hammer (-) ⟮-⟯ [-] ⟨-⟩ ⧼Apparatus⧽,Hammer,,Apparatus,,Hammer,-,-,-,-,../Equipment/Hammer
16,Gripper (Hand) ⟮-⟯ [-] ⟨-⟩ ⧼Apparatus⧽,Hand Gripper,Hand Grip Exerciser,Apparatus,,Gripper,Hand,-,-,-,../Equipment/Hand Gripper
216,Harness (Head) ⟮-⟯ [-] ⟨-⟩ ⧼Gear⧽,Head Harness,,Gear,,Harness,Head,-,-,-,../Equipment/Head Harness
19,Ladder (Agility) ⟮-⟯ [Hexagonal] ⟨-⟩ ⧼Apparatus⧽,Hexagonal Agility Ladder,,Apparatus,,Ladder,Agility,-,Hexagonal,-,../Equipment/Hexagonal Agility Ladder
66,Station (Home Gym) ⟮-⟯ [-] ⟨-⟩ ⧼Weight Machine⧽,Home Gym Station,"Home Gym Machine, Home Gym, All in One Machine",Weight Machine,,Station,Home Gym,-,-,-,../Equipment/Home Gym Station
255,Bench (Hyperextension) ⟮-⟯ [Horizontal] ⟨-⟩ ⧼Stand⧽,Horizontal Hyperextension Bench,,Stand,,Bench,Hyperextension,-,Horizontal,-,../Equipment/Horizontal Hyperextension Bench
27,Machine (Rowing) ⟮Hybrid⟯ [-] ⟨-⟩ ⧼Cardio Machine⧽,Hybrid Rowing Machine,"Hybrid Row Machine, Hybrid Rower Machine",Cardio Machine,,Machine,Rowing,Hybrid,-,-,../Equipment/Hybrid Rowing Machine
62,Machine (Rowing) ⟮Hydraulic⟯ [-] ⟨-⟩ ⧼Cardio Machine⧽,Hydraulic Rowing Machine,"Hydraulic Row Machine, Hydraulic Rower Machine",Cardio Machine,,Machine,Rowing,Hydraulic,-,-,../Equipment/Hydraulic Rowing Machine
198,Bench (Hyperextension) ⟮-⟯ [-] ⟨-⟩ ⧼Stand⧽,Hyperextension Bench,"Roman Chair, Back Hyperextension Bench",Stand,,Bench,Hyperextension,-,-,-,../Equipment/Hyperextension Bench
201,Bench (-) ⟮-⟯ [-] ⟨Inclined⟩ ⧼Stand⧽,Inclined Bench,,Stand,,Bench,-,-,-,Inclined,../Equipment/Inclined Bench
208,Bench (Press) ⟮-⟯ [-] ⟨Inclined⟩ ⧼Stand⧽,Inclined Bench Press,,Stand,,Bench,Press,-,-,Inclined,../Equipment/Inclined Bench Press
135,Mat (-) ⟮-⟯ [-] ⟨Inclined⟩ ⧼Apparatus⧽,Inclined Mat,"Incline Mat, Cheese Mat",Apparatus,,Mat,-,-,-,Inclined,../Equipment/Inclined Mat
205,Bench (Olympic) ⟮-⟯ [-] ⟨Inclined⟩ ⧼Stand⧽,Inclined Olympic Bench,,Stand,,Bench,Olympic,-,-,Inclined,../Equipment/Inclined Olympic Bench
230,Platform (Step) ⟮-⟯ [-] ⟨Inclined⟩ ⧼Stand⧽,Inclined Step Platform,,Stand,,Platform,Step,-,-,Inclined,../Equipment/Inclined Step Platform
114,Treadmill (-) ⟮-⟯ [-] ⟨Inclined⟩ ⧼Cardio Machine⧽,Inclined Treadmill,,Cardio Machine,,Treadmill,-,-,-,Inclined,../Equipment/Inclined Treadmill
202,Inversion Table (-) ⟮-⟯ [-] ⟨-⟩ ⧼Stand⧽,Inversion Table,,Stand,,Inversion Table,-,-,-,-,../Equipment/Inversion Table
161,Handle (D) ⟮-⟯ [Iron] ⟨-⟩ ⧼Attachment⧽,Iron D Handle,Iron Stirrup Handle,Attachment,,Handle,D,-,Iron,-,../Equipment/Iron D Handle
127,Anchor (Door) ⟮-⟯ [Iron] ⟨-⟩ ⧼Attachment⧽,Iron Door Anchor,Iron Floor Anchor,Attachment,,Anchor,Door,-,Iron,-,../Equipment/Iron Door Anchor
183,Bar (Pull Up) ⟮-⟯ [Joist Mount] ⟨-⟩ ⧼Apparatus⧽,Joist Mount Pull Up Bar,Joist Mount Chin Up Bar,Apparatus,,Bar,Pull Up,-,Joist Mount,-,../Equipment/Joist Mount Pull Up Bar
103,Rope (Jump) ⟮-⟯ [-] ⟨-⟩ ⧼Apparatus⧽,Jump Rope,"Skipping Rope, Jumping Rope",Apparatus,,Rope,Jump,-,-,-,../Equipment/Jump Rope
291,Kettlebell (-) ⟮-⟯ [-] ⟨-⟩ ⧼Free Weight⧽,Kettlebell,,Free Weight,,Kettlebell,-,-,-,-,../Equipment/Kettlebell
292,Kettlebells (-) ⟮-⟯ [-] ⟨-⟩ ⧼Free Weight⧽,Kettlebells,,Free Weight,,Kettlebells,-,-,-,-,../Equipment/Kettlebells
194,Bench (Abdominal) ⟮-⟯ [King Pro] ⟨-⟩ ⧼Stand⧽,King Pro Abdominal Bench,,Stand,,Bench,Abdominal,-,King Pro,-,../Equipment/King Pro Abdominal Bench
173,Ball (Lacrosse) ⟮-⟯ [-] ⟨-⟩ ⧼Apparatus⧽,Lacrosse Ball,,Apparatus,,Ball,Lacrosse,-,-,-,../Equipment/Lacrosse Ball
137,Mat (Landing) ⟮-⟯ [-] ⟨-⟩ ⧼Apparatus⧽,Landing Mat,,Apparatus,,Mat,Landing,-,-,-,../Equipment/Landing Mat
156,Bar (Lat Pulldown) ⟮-⟯ [-] ⟨-⟩ ⧼Attachment⧽,Lat Pulldown Bar,,Attachment,,Bar,Lat Pulldown,-,-,-,../Equipment/Lat Pulldown Bar
21,Machine (Ab Coaster) ⟮Lever⟯ [-] ⟨-⟩ ⧼Weight Machine⧽,Lever Ab Coaster Machine,,Weight Machine,,Machine,Ab Coaster,Lever,-,-,../Equipment/Lever Ab Coaster Machine
70,Machine (Squat) ⟮Lever⟯ [Belt] ⟨-⟩ ⧼Weight Machine⧽,Lever Belt Squat Machine,,Weight Machine,,Machine,Squat,Lever,Belt,-,../Equipment/Lever Belt Squat Machine
277,Machine (Bridge) ⟮Lever⟯ [-] ⟨-⟩ ⧼Weight Machine⧽,Lever Bridge Machine,Lever Thrust Machine,Weight Machine,,Machine,Bridge,Lever,-,-,../Equipment/Lever Bridge Machine
74,Machine (Chest Press) ⟮Lever⟯ [-] ⟨-⟩ ⧼Weight Machine⧽,Lever Chest Press Machine,,Weight Machine,,Machine,Chest Press,Lever,-,-,../Equipment/Lever Chest Press Machine
75,Machine (Crunch) ⟮Lever⟯ [-] ⟨-⟩ ⧼Weight Machine⧽,Lever Crunch Machine,"Ab Crunch Lever Machine, Abdominal Lever Machine, Ab Lever Machine",Weight Machine,,Machine,Crunch,Lever,-,-,../Equipment/Lever Crunch Machine
257,Machine (Deadlift) ⟮Lever⟯ [-] ⟨-⟩ ⧼Weight Machine⧽,Lever Deadlift Machine,,Weight Machine,,Machine,Deadlift,Lever,-,-,../Equipment/Lever Deadlift Machine
83,Machine (Leg Press) ⟮Lever⟯ [Sitting] ⟨Declined⟩ ⧼Weight Machine⧽,Lever Declined Sitting Leg Press Machine,Horizontal Leg Press Cable Machine,Weight Machine,,Machine,Leg Press,Lever,Sitting,Declined,../Equipment/Lever Declined Sitting Leg Press Machine
273,Machine (Donkey Calf) ⟮Lever⟯ [-] ⟨-⟩ ⧼Weight Machine⧽,Lever Donkey Calf Machine,,Weight Machine,,Machine,Donkey Calf,Lever,-,-,../Equipment/Lever Donkey Calf Machine
85,Machine (Front Pulldown) ⟮Lever⟯ [-] ⟨-⟩ ⧼Weight Machine⧽,Lever Front Pulldown Machine,,Weight Machine,,Machine,Front Pulldown,Lever,-,-,../Equipment/Lever Front Pulldown Machine
79,Machine (Glute Ham Developer) ⟮Lever⟯ [-] ⟨-⟩ ⧼Weight Machine⧽,Lever Glute Ham Developer Machine,"GHD Lever Machine, Ham Raise Lever Machine",Weight Machine,,Machine,Glute Ham Developer,Lever,-,-,../Equipment/Lever Glute Ham Developer Machine
89,Machine (Squat) ⟮Lever⟯ [Hack] ⟨-⟩ ⧼Weight Machine⧽,Lever Hack Squat Machine,,Weight Machine,,Machine,Squat,Lever,Hack,-,../Equipment/Lever Hack Squat Machine
275,Machine (Rowing) ⟮Lever⟯ [High] ⟨-⟩ ⧼Cardio Machine⧽,Lever High Rowing Machine,,Cardio Machine,,Machine,Rowing,Lever,High,-,../Equipment/Lever High Rowing Machine
87,Machine (Shoulder Press) ⟮Lever⟯ [-] ⟨Inclined⟩ ⧼Weight Machine⧽,Lever Inclined Shoulder Press Machine,,Weight Machine,,Machine,Shoulder Press,Lever,-,Inclined,../Equipment/Lever Inclined Shoulder Press Machine
264,Machine (Chest Press) ⟮Lever⟯ [Sitting] ⟨Inclined⟩ ⧼Weight Machine⧽,Lever Inclined Sitting Chest Press Machine,,Weight Machine,,Machine,Chest Press,Lever,Sitting,Inclined,../Equipment/Lever Inclined Sitting Chest Press Machine
81,Machine (Lat Pulldown) ⟮Lever⟯ [-] ⟨-⟩ ⧼Weight Machine⧽,Lever Lat Pulldown Machine,,Weight Machine,,Machine,Lat Pulldown,Lever,-,-,../Equipment/Lever Lat Pulldown Machine
82,Machine (Leg Curl) ⟮Lever⟯ [-] ⟨-⟩ ⧼Weight Machine⧽,Lever Leg Curl Machine,,Weight Machine,,Machine,Leg Curl,Lever,-,-,../Equipment/Lever Leg Curl Machine
78,Machine (Leg Extension) ⟮Lever⟯ [-] ⟨-⟩ ⧼Weight Machine⧽,Lever Leg Extension Machine,,Weight Machine,,Machine,Leg Extension,Lever,-,-,../Equipment/Lever Leg Extension Machine
72,Machine (Chest Press) ⟮Lever⟯ [Lying] ⟨-⟩ ⧼Weight Machine⧽,Lever Lying Chest Press Machine,,Weight Machine,,Machine,Chest Press,Lever,Lying,-,../Equipment/Lever Lying Chest Press Machine
67,Machine (T Bar) ⟮Lever⟯ [Lying] ⟨-⟩ ⧼Weight Machine⧽,Lever Lying T Bar Machine,T Bar Row Lying Machine,Weight Machine,,Machine,T Bar,Lever,Lying,-,../Equipment/Lever Lying T Bar Machine
260,Machine (Neck Extension) ⟮Lever⟯ [-] ⟨-⟩ ⧼Weight Machine⧽,Lever Neck Extension Machine,,Weight Machine,,Machine,Neck Extension,Lever,-,-,../Equipment/Lever Neck Extension Machine
276,Machine (Squat) ⟮Lever⟯ [Pendulum] ⟨-⟩ ⧼Weight Machine⧽,Lever Pendulum Squat Machine,,Weight Machine,,Machine,Squat,Lever,Pendulum,-,../Equipment/Lever Pendulum Squat Machine
76,Machine (Preacher Curl) ⟮Lever⟯ [-] ⟨-⟩ ⧼Weight Machine⧽,Lever Preacher Curl Machine,Preacher Bicep Curl Machine,Weight Machine,,Machine,Preacher Curl,Lever,-,-,../Equipment/Lever Preacher Curl Machine
266,Machine (Pull Over) ⟮Lever⟯ [-] ⟨-⟩ ⧼Weight Machine⧽,Lever Pull Over Machine,,Weight Machine,,Machine,Pull Over,Lever,-,-,../Equipment/Lever Pull Over Machine
80,Machine (Reverse Hyperextension) ⟮Lever⟯ [-] ⟨-⟩ ⧼Weight Machine⧽,Lever Reverse Hyperextension Machine,Reverse Hyper Machine,Weight Machine,,Machine,Reverse Hyperextension,Lever,-,-,../Equipment/Lever Reverse Hyperextension Machine
86,Machine (Rowing) ⟮Lever⟯ [-] ⟨-⟩ ⧼Cardio Machine⧽,Lever Rowing Machine,"Lever Row Machine, Lever Rower Machine",Cardio Machine,,Machine,Rowing,Lever,-,-,../Equipment/Lever Rowing Machine
88,Machine (Shoulder Press) ⟮Lever⟯ [-] ⟨-⟩ ⧼Weight Machine⧽,Lever Shoulder Press Machine,,Weight Machine,,Machine,Shoulder Press,Lever,-,-,../Equipment/Lever Shoulder Press Machine
69,Machine (T Bar) ⟮Lever⟯ [Single Grip] ⟨-⟩ ⧼Weight Machine⧽,Lever Single Grip T Bar Machine,Single Grip Standing T Bar Row Machine,Weight Machine,,Machine,T Bar,Lever,Single Grip,-,../Equipment/Lever Single Grip T Bar Machine
71,Machine (Calf) ⟮Lever⟯ [Sitting] ⟨-⟩ ⧼Weight Machine⧽,Lever Sitting Calf Machine,"Lever Sitting Squat Machine, Lever Seated Calf Raise Machine",Weight Machine,,Machine,Calf,Lever,Sitting,-,../Equipment/Lever Sitting Calf Machine
73,Machine (Chest Press) ⟮Lever⟯ [Sitting] ⟨-⟩ ⧼Weight Machine⧽,Lever Sitting Chest Press Machine,,Weight Machine,,Machine,Chest Press,Lever,Sitting,-,../Equipment/Lever Sitting Chest Press Machine
77,Machine (Dip) ⟮Lever⟯ [Sitting] ⟨-⟩ ⧼Weight Machine⧽,Lever Sitting Dip Machine,,Weight Machine,,Machine,Dip,Lever,Sitting,-,../Equipment/Lever Sitting Dip Machine
268,Machine (Lateral Raise) ⟮Lever⟯ [Sitting] ⟨-⟩ ⧼Weight Machine⧽,Lever Sitting Lateral Raise Machine,,Weight Machine,,Machine,Lateral Raise,Lever,Sitting,-,../Equipment/Lever Sitting Lateral Raise Machine
246,Machine (Abduction) ⟮Lever⟯ [Standing] ⟨-⟩ ⧼Weight Machine⧽,Lever Standing Abduction Machine,,Weight Machine,,Machine,Abduction,Lever,Standing,-,../Equipment/Lever Standing Abduction Machine
45,Machine (Calf) ⟮Lever⟯ [Standing] ⟨-⟩ ⧼Weight Machine⧽,Lever Standing Calf Machine,"Lever Standing Squat Machine, Lever Standing Calf Raise Machine",Weight Machine,,Machine,Calf,Lever,Standing,-,../Equipment/Lever Standing Calf Machine
269,Machine (Lateral Raise) ⟮Lever⟯ [Standing] ⟨-⟩ ⧼Weight Machine⧽,Lever Standing Lateral Raise Machine,,Weight Machine,,Machine,Lateral Raise,Lever,Standing,-,../Equipment/Lever Standing Lateral Raise Machine
254,Machine (Leg Curl) ⟮Lever⟯ [Standing] ⟨-⟩ ⧼Weight Machine⧽,Lever Standing Leg Curl Machine,,Weight Machine,,Machine,Leg Curl,Lever,Standing,-,../Equipment/Lever Standing Leg Curl Machine
259,Machine (Leg Extension) ⟮Lever⟯ [Standing] ⟨-⟩ ⧼Weight Machine⧽,Lever Standing Leg Extension Machine,,Weight Machine,,Machine,Leg Extension,Lever,Standing,-,../Equipment/Lever Standing Leg Extension Machine
84,Machine (Leg Press) ⟮Lever⟯ [Standing] ⟨-⟩ ⧼Weight Machine⧽,Lever Standing Leg Press Machine,"Standing Leg Press Machine, Vertical Leg Press Machine",Weight Machine,,Machine,Leg Press,Lever,Standing,-,../Equipment/Lever Standing Leg Press Machine
68,Machine (T Bar) ⟮Lever⟯ [-] ⟨-⟩ ⧼Weight Machine⧽,Lever T Bar Machine,Standing T Bar Row Machine,Weight Machine,,Machine,T Bar,Lever,-,-,../Equipment/Lever T Bar Machine
261,Machine (Tricep Extension) ⟮Lever⟯ [-] ⟨-⟩ ⧼Weight Machine⧽,Lever Tricep Extension Machine,,Weight Machine,,Machine,Tricep Extension,Lever,-,-,../Equipment/Lever Tricep Extension Machine
220,Bar (Log) ⟮-⟯ [-] ⟨-⟩ ⧼Free Weight⧽,Log Bar,,Free Weight,,Bar,Log,-,-,-,../Equipment/Log Bar
221,Barbell (Log) ⟮-⟯ [-] ⟨-⟩ ⧼Free Weight⧽,Log Barbell,,Free Weight,,Barbell,Log,-,-,-,../Equipment/Log Barbell
123,Band (Loop) ⟮-⟯ [-] ⟨-⟩ ⧼Resistance Band⧽,Loop Band,,Resistance Band,,Band,Loop,-,-,-,../Equipment/Loop Band
28,Machine (Rowing) ⟮-⟯ [Low] ⟨-⟩ ⧼Cardio Machine⧽,Low Rowing Machine,"Low Cable Row Machine, Low Cable Rower Machine",Cardio Machine,,Machine,Rowing,-,Low,-,../Equipment/Low Rowing Machine
29,Machine (Rowing) ⟮Magnetic⟯ [-] ⟨-⟩ ⧼Cardio Machine⧽,Magnetic Rowing Machine,"Magnetic Row Machine, Magnetic Rower Machine",Cardio Machine,,Machine,Rowing,Magnetic,-,-,../Equipment/Magnetic Rowing Machine
174,Ball (Medicine) ⟮-⟯ [-] ⟨-⟩ ⧼Apparatus⧽,Medicine Ball,Med Ball,Apparatus,,Ball,Medicine,-,-,-,../Equipment/Medicine Ball
163,Handle (Mid Grip) ⟮-⟯ [-] ⟨-⟩ ⧼Attachment⧽,Mid Grip Handle,Row Mid Grip Handle,Attachment,,Handle,Mid Grip,-,-,-,../Equipment/Mid Grip Handle
124,Band (Loop) ⟮-⟯ [Mini] ⟨-⟩ ⧼Resistance Band⧽,Mini Loop Band,,Resistance Band,,Band,Loop,-,Mini,-,../Equipment/Mini Loop Band
293,Bands (Loop) ⟮-⟯ [Mini] ⟨-⟩ ⧼Resistance Band⧽,Mini Loop Bands,,Resistance Band,,Bands,Loop,-,Mini,-,../Equipment/Mini Loop Bands
213,Platform (Step) ⟮-⟯ [Mini] ⟨-⟩ ⧼Stand⧽,Mini Step Platform,,Stand,,Platform,Step,-,Mini,-,../Equipment/Mini Step Platform
303,Platforms (Step) ⟮-⟯ [Mini] ⟨-⟩ ⧼Stand⧽,Mini Step Platforms,,Stand,,Platforms,Step,-,Mini,-,../Equipment/Mini Step Platforms
122,Band (Tube) ⟮-⟯ [Mini] ⟨-⟩ ⧼Resistance Band⧽,Mini Tube Band,,Resistance Band,,Band,Tube,-,Mini,-,../Equipment/Mini Tube Band
294,Bands (Tube) ⟮-⟯ [Mini] ⟨-⟩ ⧼Resistance Band⧽,Mini Tube Bands,,Resistance Band,,Bands,Tube,-,Mini,-,../Equipment/Mini Tube Bands
249,Bars (Monkey) ⟮-⟯ [-] ⟨-⟩ ⧼Apparatus⧽,Monkey Bars,,Apparatus,,Bars,Monkey,-,-,-,../Equipment/Monkey Bars
211,Bike (Mountain) ⟮-⟯ [-] ⟨-⟩ ⧼Vehicle⧽,Mountain Bike,,Vehicle,,Bike,Mountain,-,-,-,../Equipment/Mountain Bike
169,Punching Bag (Muay Thai) ⟮-⟯ [-] ⟨-⟩ ⧼Apparatus⧽,Muay Thai Punching Bag,"Muay Thai Bag, Muay Thai Heavy Bag, Muay Thai Punch Bag",Apparatus,,Punching Bag,Muay Thai,-,-,-,../Equipment/Muay Thai Punching Bag
157,Bar (Multi Purpose) ⟮-⟯ [-] ⟨-⟩ ⧼Attachment⧽,Multi Purpose Bar,,Attachment,,Bar,Multi Purpose,-,-,-,../Equipment/Multi Purpose Bar
129,Anchor (Multi) ⟮-⟯ [Wall] ⟨-⟩ ⧼Attachment⧽,Multi Wall Anchor,,Attachment,,Anchor,Multi,-,Wall,-,../Equipment/Multi Wall Anchor
162,Handle (D) ⟮-⟯ [Nylon] ⟨-⟩ ⧼Attachment⧽,Nylon D Handle,Nylon Stirrup Handle,Attachment,,Handle,D,-,Nylon,-,../Equipment/Nylon D Handle
128,Anchor (Door) ⟮-⟯ [Nylon] ⟨-⟩ ⧼Attachment⧽,Nylon Door Anchor,Nylon Floor Anchor,Attachment,,Anchor,Door,-,Nylon,-,../Equipment/Nylon Door Anchor
179,Bar (Olympic) ⟮-⟯ [-] ⟨-⟩ ⧼Free Weight⧽,Olympic Bar,,Free Weight,,Bar,Olympic,-,-,-,../Equipment/Olympic Bar
187,Barbell (Olympic) ⟮-⟯ [-] ⟨-⟩ ⧼Free Weight⧽,Olympic Barbell,,Free Weight,,Barbell,Olympic,-,-,-,../Equipment/Olympic Barbell
203,Bench (Olympic) ⟮-⟯ [-] ⟨-⟩ ⧼Stand⧽,Olympic Bench,Olympic Weight Bench,Stand,,Bench,Olympic,-,-,-,../Equipment/Olympic Bench
118,Weight Plate (Olympic) ⟮-⟯ [-] ⟨-⟩ ⧼Free Weight⧽,Olympic Weight Plate,,Free Weight,,Weight Plate,Olympic,-,-,-,../Equipment/Olympic Weight Plate
240,Handle (D) ⟮-⟯ [Open] ⟨-⟩ ⧼Attachment⧽,Open D Handle,Open Stirrup Handle,Attachment,,Handle,D,-,Open,-,../Equipment/Open D Handle
304,Handles (D) ⟮-⟯ [Open] ⟨-⟩ ⧼Attachment⧽,Open D Handles,,Attachment,,Handles,D,-,Open,-,../Equipment/Open D Handles
134,Mat (Panel) ⟮-⟯ [-] ⟨-⟩ ⧼Apparatus⧽,Panel Mat,"Folding Mat, Folding Panel Mat",Apparatus,,Mat,Panel,-,-,-,../Equipment/Panel Mat
188,Parallette (-) ⟮-⟯ [-] ⟨-⟩ ⧼Apparatus⧽,Parallette,Parallettes,Apparatus,,Parallette,-,-,-,-,../Equipment/Parallette
228,Parallette (-) ⟮-⟯ [-] ⟨-⟩ ⧼Apparatus⧽,Parallettes,,Apparatus,,Parallette,-,-,-,-,../Equipment/Parallettes
90,Machine (Pilates Reformer) ⟮-⟯ [-] ⟨-⟩ ⧼Flexibility Machine⧽,Pilates Reformer Machine,"Reformer, Pilates Machine",Flexibility Machine,,Machine,Pilates Reformer,-,-,-,../Equipment/Pilates Reformer Machine
95,Box (Plyometric) ⟮-⟯ [-] ⟨-⟩ ⧼Stand⧽,Plyometric Box,"Plyo Box, Jump Box",Stand,,Box,Plyometric,-,-,-,../Equipment/Plyometric Box
295,Boxes (Plyometric) ⟮-⟯ [-] ⟨-⟩ ⧼Stand⧽,Plyometric Boxes,,Stand,,Boxes,Plyometric,-,-,-,../Equipment/Plyometric Boxes
218,Pole (-) ⟮-⟯ [-] ⟨-⟩ ⧼Apparatus⧽,Pole,,Apparatus,,Pole,-,-,-,-,../Equipment/Pole
96,Rack (Power) ⟮-⟯ [-] ⟨-⟩ ⧼Storage⧽,Power Rack,Power Cage,Storage,,Rack,Power,-,-,-,../Equipment/Power Rack
196,Bench (Preacher Curl) ⟮-⟯ [-] ⟨-⟩ ⧼Stand⧽,Preacher Curl Bench,"Bicep Curl, Preacher Bicep Curl",Stand,,Bench,Preacher Curl,-,-,-,../Equipment/Preacher Curl Bench
296,Band (Pull Up) ⟮-⟯ [-] ⟨-⟩ ⧼Resistance Band⧽,Pull Up Band,,Resistance Band,,Band,Pull Up,-,-,-,../Equipment/Pull Up Band
147,Bar (Pull Up) ⟮-⟯ [-] ⟨-⟩ ⧼Apparatus⧽,Pull Up Bar,,Apparatus,,Bar,Pull Up,-,-,-,../Equipment/Pull Up Bar
282,Handles (Pull Up ) ⟮-⟯ [-] ⟨-⟩ ⧼Apparatus⧽,Pull Up Handles,,Apparatus,,Handles,Pull Up,-,-,-,../Equipment/Pull Up Handles
214,Block (Pulling) ⟮-⟯ [-] ⟨-⟩ ⧼Stand⧽,Pulling Block,,Stand,,Block,Pulling,-,-,-,../Equipment/Pulling Block
305,Blocks (Pulling) ⟮-⟯ [-] ⟨-⟩ ⧼Stand⧽,Pulling Blocks,,Stand,,Blocks,Pulling,-,-,-,../Equipment/Pulling Blocks
168,Punching Bag (-) ⟮-⟯ [-] ⟨-⟩ ⧼Apparatus⧽,Punching Bag,"Bag, Heavy Bag, Punch Bag",Apparatus,,Punching Bag,-,-,-,-,../Equipment/Punching Bag
104,Sled (Push) ⟮-⟯ [-] ⟨-⟩ ⧼Free Weight⧽,Push Sled,Pull Sled,Free Weight,,Sled,Push,-,-,-,../Equipment/Push Sled
189,Bar (Push Up) ⟮-⟯ [-] ⟨-⟩ ⧼Apparatus⧽,Push Up Bar,Push Bars,Apparatus,,Bar,Push Up,-,-,-,../Equipment/Push Up Bar
297,Bars (Push Up) ⟮-⟯ [-] ⟨-⟩ ⧼Apparatus⧽,Push Up Bars,,Apparatus,,Bars,Push Up,-,-,-,../Equipment/Push Up Bars
209,Mat (Puzzle) ⟮-⟯ [-] ⟨-⟩ ⧼Apparatus⧽,Puzzle Mat,,Apparatus,,Mat,Puzzle,-,-,-,../Equipment/Puzzle Mat
3,Bike (Recumbent) ⟮-⟯ [-] ⟨-⟩ ⧼Cardio Machine⧽,Recumbent Bike,Recumbent Stationary Bike,Cardio Machine,,Bike,Recumbent,-,-,-,../Equipment/Recumbent Bike
15,Rings (-) ⟮-⟯ [-] ⟨-⟩ ⧼Apparatus⧽,Rings,Gymnastic Rings,Apparatus,,Rings,-,-,-,-,../Equipment/Rings
298,Machine (Rope Pull) ⟮-⟯ [-] ⟨-⟩ ⧼Weight Machine⧽,Rope Pull Machine,,Weight Machine,,Machine,Rope Pull,-,-,-,../Equipment/Rope Pull Machine
244,Handle (Single Grip) ⟮-⟯ [-] ⟨-⟩ ⧼Attachment⧽,Single Grip Handle,,Attachment,,Handle,Single Grip,-,-,-,../Equipment/Single Grip Handle
165,Rope (Tricep) ⟮-⟯ [Single] ⟨-⟩ ⧼Attachment⧽,Single Tricep Rope,,Attachment,,Rope,Tricep,-,Single,-,../Equipment/Single Tricep Rope
117,Machine (Twister) ⟮-⟯ [Single] ⟨-⟩ ⧼Flexibility Machine⧽,Single Twister Machine,Lever Standing Single Torso Rotation Machine,Flexibility Machine,,Machine,Twister,-,Single,-,../Equipment/Single Twister Machine
138,Bike (Arm) ⟮-⟯ [Sitting] ⟨-⟩ ⧼Cardio Machine⧽,Sitting Arm Bike,Arm Cycle Machine,Cardio Machine,,Bike,Arm,-,Sitting,-,../Equipment/Sitting Arm Bike
37,Machine (Ski) ⟮-⟯ [-] ⟨-⟩ ⧼Cardio Machine⧽,Ski Machine,,Cardio Machine,,Machine,Ski,-,-,-,../Equipment/Ski Machine
38,Machine (Sled Mill) ⟮-⟯ [-] ⟨-⟩ ⧼Cardio Machine⧽,Sled Mill Machine,,Cardio Machine,,Machine,Sled Mill,-,-,-,../Equipment/Sled Mill Machine
105,Slider (-) ⟮-⟯ [-] ⟨-⟩ ⧼Apparatus⧽,Slider,,Apparatus,,Slider,-,-,-,-,../Equipment/Slider
91,Machine (Smith) ⟮-⟯ [-] ⟨-⟩ ⧼Weight Machine⧽,Smith Machine,Smith,Weight Machine,,Machine,Smith,-,-,-,../Equipment/Smith Machine
210,Block (Soft) ⟮-⟯ [-] ⟨-⟩ ⧼Stand⧽,Soft Block,,Stand,,Block,Soft,-,-,-,../Equipment/Soft Block
4,Bike (Spin) ⟮-⟯ [-] ⟨-⟩ ⧼Cardio Machine⧽,Spin Bike,"Spin Stationary Bike, Spinning Bike, Spinner",Cardio Machine,,Bike,Spin,-,-,-,../Equipment/Spin Bike
92,Machine (Split) ⟮-⟯ [-] ⟨-⟩ ⧼Flexibility Machine⧽,Split Machine,"Leg Stretching Machine, Leg Stretcher",Flexibility Machine,,Machine,Split,-,-,-,../Equipment/Split Machine
136,Mat (Springboard) ⟮-⟯ [-] ⟨-⟩ ⧼Apparatus⧽,Springboard Mat,,Apparatus,,Mat,Springboard,-,-,-,../Equipment/Springboard Mat
97,Rack (Squat) ⟮-⟯ [-] ⟨-⟩ ⧼Storage⧽,Squat Rack,Squat Stand,Storage,,Rack,Squat,-,-,-,../Equipment/Squat Rack
175,Ball (Stability) ⟮-⟯ [-] ⟨-⟩ ⧼Apparatus⧽,Stability Ball,"Swiss Ball, Exercise Ball, Yoga Ball, Ab Ball",Apparatus,,Ball,Stability,-,-,-,../Equipment/Stability Ball
33,Machine (Stair Climber) ⟮-⟯ [-] ⟨-⟩ ⧼Cardio Machine⧽,Stair Climber Machine,"Stair Mill Machine, Step Mill Machine, Stepmill Machine, Step Climber Machine",Cardio Machine,,Machine,Stair Climber,-,-,-,../Equipment/Stair Climber Machine
236,Stairs (-) ⟮-⟯ [-] ⟨-⟩ ⧼Stand⧽,Stairs,,Stand,,Stairs,-,-,-,-,../Equipment/Stairs
10,Bike (Arm) ⟮-⟯ [Standing] ⟨-⟩ ⧼Cardio Machine⧽,Standing Arm Bike,Arm Cycle Machine,Cardio Machine,,Bike,Arm,-,Standing,-,../Equipment/Standing Arm Bike
155,Bench (Preacher Curl) ⟮-⟯ [Standing] ⟨-⟩ ⧼Stand⧽,Standing Preacher Curl Bench,,Stand,,Bench,Preacher Curl,-,Standing,-,../Equipment/Standing Preacher Curl Bench
1,Bench (Step) ⟮-⟯ [-] ⟨-⟩ ⧼Stand⧽,Step Bench,"Aerobics Stepper, Aerobic Step, Stepper Bench, Aero Step, Exercise Step, Aerobic Platform",Stand,,Bench,Step,-,-,-,../Equipment/Step Bench
212,Platform (Step) ⟮-⟯ [-] ⟨-⟩ ⧼Stand⧽,Step Platform,,Stand,,Platform,Step,-,-,-,../Equipment/Step Platform
39,Machine (Stepper) ⟮-⟯ [-] ⟨-⟩ ⧼Cardio Machine⧽,Stepper Machine,,Cardio Machine,,Machine,Stepper,-,-,-,../Equipment/Stepper Machine
239,Stick (-) ⟮-⟯ [-] ⟨-⟩ ⧼Apparatus⧽,Stick,,Apparatus,,Stick,-,-,-,-,../Equipment/Stick
158,Bar (Straight) ⟮-⟯ [-] ⟨-⟩ ⧼Attachment⧽,Straight Bar,Rotating Straight Bar,Attachment,,Bar,Straight,-,-,-,../Equipment/Straight Bar
93,Machine (Stretching) ⟮-⟯ [-] ⟨-⟩ ⧼Flexibility Machine⧽,Stretching Machine,,Flexibility Machine,,Machine,Stretching,-,-,-,../Equipment/Stretching Machine
112,Suspension Trainer (-) ⟮-⟯ [-] ⟨-⟩ ⧼Apparatus⧽,Suspension Trainer,"TRX, Suspension Unit, Suspension Straps",Apparatus,,Suspension Trainer,-,-,-,-,../Equipment/Suspension Trainer
299,Table (-) ⟮-⟯ [-] ⟨-⟩ ⧼Stand⧽,Table,,Stand,,Table,-,-,-,-,../Equipment/Table
170,Punching Bag (Teardrop) ⟮-⟯ [-] ⟨-⟩ ⧼Apparatus⧽,Teardrop Punching Bag,"Teardrop Bag, Teardrop Punch Bag",Apparatus,,Punching Bag,Teardrop,-,-,-,../Equipment/Teardrop Punching Bag
238,Towel (-) ⟮-⟯ [-] ⟨-⟩ ⧼Apparatus⧽,Towel,,Apparatus,,Towel,-,-,-,-,../Equipment/Towel
219,Tire (Training) ⟮-⟯ [-] ⟨-⟩ ⧼Apparatus⧽,Training Tire,"Training Tyre, Tire, Tyre",Apparatus,,Tire,Training,-,-,-,../Equipment/Training Tire
185,Bar (Trap) ⟮-⟯ [-] ⟨-⟩ ⧼Free Weight⧽,Trap Bar,"High Trap Bar, Deadlift Trap Bar",Free Weight,,Bar,Trap,-,-,-,../Equipment/Trap Bar
152,Barbell (Trap) ⟮-⟯ [-] ⟨-⟩ ⧼Free Weight⧽,Trap Barbell,,Free Weight,,Barbell,Trap,-,-,-,../Equipment/Trap Barbell
139,Machine (Tread Climber) ⟮-⟯ [-] ⟨-⟩ ⧼Cardio Machine⧽,Tread Climber Machine,,Cardio Machine,,Machine,Tread Climber,-,-,-,../Equipment/Tread Climber Machine
115,Treadmill (-) ⟮-⟯ [-] ⟨-⟩ ⧼Cardio Machine⧽,Treadmill,,Cardio Machine,,Treadmill,-,-,-,-,../Equipment/Treadmill
186,Bar (Tricep) ⟮-⟯ [-] ⟨-⟩ ⧼Free Weight⧽,Tricep Bar,Tri Bar,Free Weight,,Bar,Tricep,-,-,-,../Equipment/Tricep Bar
153,Barbell (Tricep) ⟮-⟯ [-] ⟨-⟩ ⧼Free Weight⧽,Tricep Barbell,,Free Weight,,Barbell,Tricep,-,-,-,../Equipment/Tricep Barbell
121,Band (Tube) ⟮-⟯ [-] ⟨-⟩ ⧼Resistance Band⧽,Tube Band,,Resistance Band,,Band,Tube,-,-,-,../Equipment/Tube Band
300,Bands (Tube) ⟮-⟯ [-] ⟨-⟩ ⧼Resistance Band⧽,Tube Bands,,Resistance Band,,Bands,Tube,-,-,-,../Equipment/Tube Bands
5,Bike (Under Desk) ⟮-⟯ [-] ⟨-⟩ ⧼Cardio Machine⧽,Under Desk Bike,Pedal Exerciser,Cardio Machine,,Bike,Under Desk,-,-,-,../Equipment/Under Desk Bike
6,Bike (Upright) ⟮-⟯ [-] ⟨-⟩ ⧼Cardio Machine⧽,Upright Bike,Upright Stationary Bike,Cardio Machine,,Bike,Upright,-,-,-,../Equipment/Upright Bike
195,Bench (Utility) ⟮-⟯ [-] ⟨-⟩ ⧼Stand⧽,Utility Bench,Adjustable Bench,Stand,,Bench,Utility,-,-,-,../Equipment/Utility Bench
159,Bar (V) ⟮-⟯ [-] ⟨-⟩ ⧼Attachment⧽,V Bar,"Tricep V Bar, V Grip Handle",Attachment,,Bar,V,-,-,-,../Equipment/V Bar
34,Machine (Vertical Climber) ⟮-⟯ [-] ⟨-⟩ ⧼Cardio Machine⧽,Vertical Climber Machine,,Cardio Machine,,Machine,Vertical Climber,-,-,-,../Equipment/Vertical Climber Machine
234,Wall (-) ⟮-⟯ [-] ⟨-⟩ ⧼Stand⧽,Wall,,Stand,,Wall,-,-,-,-,../Equipment/Wall
130,Anchor (-) ⟮-⟯ [Wall] ⟨-⟩ ⧼Attachment⧽,Wall Anchor,,Attachment,,Anchor,-,-,Wall,-,../Equipment/Wall Anchor
176,Ball (Wall) ⟮-⟯ [-] ⟨-⟩ ⧼Apparatus⧽,Wall Ball,Slam Ball,Apparatus,,Ball,Wall,-,-,-,../Equipment/Wall Ball
281,Bars (Wall) ⟮-⟯ [-] ⟨-⟩ ⧼Apparatus⧽,Wall Bars,Wallbars,Apparatus,,Bars,Wall,-,-,-,../Equipment/Wall Bars
235,Wall (Corner) ⟮-⟯ [-] ⟨-⟩ ⧼Stand⧽,Wall Corner,,Stand,,Wall,Corner,-,-,-,../Equipment/Wall Corner
111,Station (Dip) ⟮-⟯ [Wall Mount] ⟨-⟩ ⧼Apparatus⧽,Wall Mount Dip Station,,Apparatus,,Station,Dip,-,Wall Mount,-,../Equipment/Wall Mount Dip Station
184,Bar (Pull Up) ⟮-⟯ [Wall Mount] ⟨-⟩ ⧼Apparatus⧽,Wall Mount Pull Up Bar,Wall Mount Chin Up Bar,Apparatus,,Bar,Pull Up,-,Wall Mount,-,../Equipment/Wall Mount Pull Up Bar
154,Bottle (Water Cooler) ⟮-⟯ [-] ⟨-⟩ ⧼Free Weight⧽,Water Cooler Bottle,,Free Weight,,Bottle,Water Cooler,-,-,-,../Equipment/Water Cooler Bottle
30,Machine (Rowing) ⟮Water⟯ [-] ⟨-⟩ ⧼Cardio Machine⧽,Water Rowing Machine,"Water Row Machine, Water Rower Machine",Cardio Machine,,Machine,Rowing,Water,-,-,../Equipment/Water Rowing Machine
119,Weight Plate (-) ⟮-⟯ [-] ⟨-⟩ ⧼Free Weight⧽,Weight Plate,,Free Weight,,Weight Plate,-,-,-,-,../Equipment/Weight Plate
109,Rack (Weight Plate) ⟮-⟯ [-] ⟨-⟩ ⧼Storage⧽,Weight Plate Rack,Plate Stand,Storage,,Rack,Weight Plate,-,-,-,../Equipment/Weight Plate Rack
301,Weight Plates (-) ⟮-⟯ [-] ⟨-⟩ ⧼Free Weight⧽,Weight Plates,,Free Weight,,Weight Plates,-,-,-,-,../Equipment/Weight Plates
108,Rack (Weight) ⟮-⟯ [-] ⟨-⟩ ⧼Storage⧽,Weight Rack,"Free Weight Rack, Weight Stand, Free Weight Stand",Storage,,Rack,Weight,-,-,-,../Equipment/Weight Rack
120,Vest (Weight) ⟮-⟯ [-] ⟨-⟩ ⧼Gear⧽,Weight Vest,Weighted Vest,Gear,,Vest,Weight,-,-,-,../Equipment/Weight Vest
191,Belt (Weightlifting) ⟮-⟯ [-] ⟨-⟩ ⧼Gear⧽,Weightlifting Belt,,Gear,,Belt,Weightlifting,-,-,-,../Equipment/Weightlifting Belt
94,Machine (Vibration) ⟮-⟯ [Whole Body] ⟨-⟩ ⧼Cardio Machine⧽,Whole Body Vibration Machine,"Whole Body Vibration Platform Machine, WBV, Vibration Plate Machine",Cardio Machine,,Machine,Vibration,-,Whole Body,-,../Equipment/Whole Body Vibration Machine
274,Roller (Wrist) ⟮-⟯ [-] ⟨-⟩ ⧼Apparatus⧽,Wrist Roller,,Apparatus,,Roller,Wrist,-,-,-,../Equipment/Wrist Roller
7,Block (Yoga) ⟮-⟯ [-] ⟨-⟩ ⧼Stand⧽,Yoga Block,,Stand,,Block,Yoga,-,-,-,../Equipment/Yoga Block
11,Mat (Yoga) ⟮-⟯ [-] ⟨-⟩ ⧼Apparatus⧽,Yoga Mat,"Exercise Mat, Core Mat",Apparatus,,Mat,Yoga,-,-,-,../Equipment/Yoga Mat
