id,decoding,title,aliases,categories,subcategories,types,variations,directions,configurations,inclinations,source
82,Headstand (-) ⟮-⟯ [0 Hands] ⟨-⟩ ⧼Headstand⧽,0 Hands Headstand,No Hands Headstand,Balancing,,Headstand,-,-,0 Hands,-,../Body Positions/0 Hands Headstand
28,Crawling (-) ⟮-⟯ [1 Arm] ⟨-⟩ ⧼Crawling⧽,1 Arm Crawling,,Crawling,,Crawling,-,-,1 Arm,-,../Body Positions/1 Arm Crawling
226,Dog (-) ⟮Downward⟯ [1 Arm] ⟨-⟩ ⧼Bending⧽,1 Arm Downward Dog,,Bending,,Dog,Downward,-,1 Arm,-,../Body Positions/1 Arm Downward Dog
80,Handstand (-) ⟮-⟯ [1 Arm] ⟨-⟩ ⧼Handstand⧽,1 Arm Handstand,,Balancing,,Handstand,-,-,1 Arm,-,../Body Positions/1 Arm Handstand
219,Plank (High) ⟮-⟯ [1 Arm] ⟨-⟩ ⧼Crawling⧽,1 Arm High Plank,,Crawling,,Plank,High,-,1 Arm,-,../Body Positions/1 Arm High Plank
218,Plank (Low) ⟮-⟯ [1 Arm] ⟨-⟩ ⧼Crawling⧽,1 Arm Low Plank,,Crawling,,Plank,Low,-,1 Arm,-,../Body Positions/1 Arm Low Plank
217,Plank (-) ⟮-⟯ [1 Arm] ⟨-⟩ ⧼Crawling⧽,1 Arm Plank,,Crawling,,Plank,-,-,1 Arm,-,../Body Positions/1 Arm Plank
228,Leaning (-) ⟮Backward⟯ [1 Leg] ⟨-⟩ ⧼Leaning⧽,1 Leg Backward Leaning,,Leaning,,Leaning,-,Backward,1 Leg,-,../Body Positions/1 Leg Backward Leaning
74,Bent (-) ⟮-⟯ [1 Leg] ⟨-⟩ ⧼Bending⧽,1 Leg Bent,,Bending,,Bent,-,-,1 Leg,-,../Body Positions/1 Leg Bent
148,Bridge (-) ⟮-⟯ [1 Leg] ⟨-⟩ ⧼Inversion⧽,1 Leg Bridge,,Inversion,,Bridge,-,-,1 Leg,-,../Body Positions/1 Leg Bridge
102,Crawling (-) ⟮-⟯ [1 Leg] ⟨-⟩ ⧼Crawling⧽,1 Leg Crawling,,Crawling,,Crawling,-,-,1 Leg,-,../Body Positions/1 Leg Crawling
190,Dog (-) ⟮Downward⟯ [1 Leg] ⟨-⟩ ⧼Bending⧽,1 Leg Downward Dog,,Bending,,Dog,-,Downward,1 Leg,-,../Body Positions/1 Leg Downward Dog
3,Jumping (-) ⟮Forward⟯ [1 Leg] ⟨-⟩ ⧼Suspended⧽,1 Leg Forward Jumping,1 Leg Forward Jump,Suspended,,Jumping,-,Forward,1 Leg,-,../Body Positions/1 Leg Forward Jumping
229,Leaning (-) ⟮Forward⟯ [1 Leg] ⟨-⟩ ⧼Leaning⧽,1 Leg Forward Leaning,,Leaning,,Leaning,-,Forward,1 Leg,-,../Body Positions/1 Leg Forward Leaning
266,Squatting (Full) ⟮-⟯ [1 Leg] ⟨-⟩ ⧼Squatting⧽,1 Leg Full Squatting,,Squatting,,Squatting,Full,-,1 Leg,-,../Body Positions/1 Leg Full Squatting
221,Plank (High) ⟮-⟯ [1 Leg] ⟨-⟩ ⧼Crawling⧽,1 Leg High Plank,,Crawling,,Plank,High,-,1 Leg,-,../Body Positions/1 Leg High Plank
153,Leaning (-) ⟮Horizontal⟯ [1 Leg] ⟨-⟩ ⧼Leaning⧽,1 Leg Horizontal Leaning,,Leaning,,Leaning,-,Horizontal,1 Leg,-,../Body Positions/1 Leg Horizontal Leaning
152,Thrust (-) ⟮Horizontal⟯ [1 Leg] ⟨-⟩ ⧼Leaning⧽,1 Leg Horizontal Lying,,Leaning,,Thrust,-,Horizontal,1 Leg,-,../Body Positions/1 Leg Horizontal Lying
369,Thrust (-) ⟮Horizontal⟯ [1 Leg] ⟨-⟩ ⧼Leaning⧽,1 Leg Horizontal Thrust,,Leaning,,Thrust,-,Horizontal,1 Leg,-,../Body Positions/1 Leg Horizontal Thrust
199,"Plank (-) ⟮-⟯ [1 Leg, Kneeling] ⟨-⟩ ⧼Crawling⧽",1 Leg Kneeling Plank,,Crawling,,Plank,Knee,-,"1 Leg, Kneeling",-,../Body Positions/1 Leg Kneeling Plank
220,Plank (Low) ⟮-⟯ [1 Leg] ⟨-⟩ ⧼Crawling⧽,1 Leg Low Plank,,Crawling,,Plank,Low,-,1 Leg,-,../Body Positions/1 Leg Low Plank
192,Squatting (Partial) ⟮-⟯ [1 Leg] ⟨-⟩ ⧼Squatting⧽,1 Leg Partial Squatting,,Squatting,,Squatting,Partial,-,1 Leg,-,../Body Positions/1 Leg Partial Squatting
202,Plank (-) ⟮-⟯ [1 Leg] ⟨-⟩ ⧼Crawling⧽,1 Leg Plank,,Crawling,,Plank,-,-,1 Leg,-,../Body Positions/1 Leg Plank
203,Table Top (-) ⟮Reverse⟯ [1 Leg] ⟨-⟩ ⧼Crawling⧽,1 Leg Reverse Table Top,,Crawling,,Table Top,-,Reverse,1 Leg,-,../Body Positions/1 Leg Reverse Table Top
66,Squatting (-) ⟮-⟯ [1 Leg] ⟨-⟩ ⧼Squatting⧽,1 Leg Squatting,,Squatting,,Squatting,-,-,1 Leg,-,../Body Positions/1 Leg Squatting
84,Standing (-) ⟮-⟯ [1 Leg] ⟨-⟩ ⧼Standing⧽,1 Leg Standing,,Standing,,Standing,-,-,1 Leg,-,../Body Positions/1 Leg Standing
130,Jumping (-) ⟮Vertical⟯ [1 Leg] ⟨-⟩ ⧼Suspended⧽,1 Leg Vertical Jumping,1 Leg Vertical Jump,Suspended,,Jumping,-,Vertical,1 Leg,-,../Body Positions/1 Leg Vertical Jumping
177,Kneeling (Vertical) ⟮-⟯ [1 Leg] ⟨-⟩ ⧼Kneeling⧽,1 Leg Vertical Kneeling,,Kneeling,,Kneeling,-,-,1 Leg,-,../Body Positions/1 Leg Vertical Kneeling
27,Crawling (-) ⟮-⟯ [2 Limbs] ⟨-⟩ ⧼Crawling⧽,2 Limbs Crawling,,Crawling,,Crawling,-,-,2 Limbs,-,../Body Positions/2 Limbs Crawling
227,Table Top (-) ⟮-⟯ [2 Limbs] ⟨-⟩ ⧼Crawling⧽,2 Limbs Table Top,,Crawling,,Table Top,-,-,2 Limbs,-,../Body Positions/2 Limbs Table Top
314,Accomplished (-) ⟮-⟯ [-] ⟨-⟩ ⧼Sitting⧽,Accomplished,"The Adept's Pose, Siddhasana, Siddha Yoni Asana, सिद्धासन",Sitting,Meditation,Accomplished,-,-,-,-,../Body Positions/Accomplished
92,Riding (Aerodynamic) ⟮-⟯ [-] ⟨-⟩ ⧼Straddling⧽,Aerodynamic Riding,,Straddling,,Riding,Aerodynamic,-,-,-,../Body Positions/Aerodynamic Riding
91,Riding (Aggressive) ⟮-⟯ [-] ⟨-⟩ ⧼Straddling⧽,Aggressive Riding,,Straddling,,Riding,Aggressive,-,-,-,../Body Positions/Aggressive Riding
95,Pose (Ananta's) ⟮Lateral⟯ [-] ⟨-⟩ ⧼Lying⧽,Ananta's Pose,"Vishnu's Couch Pose, Anantasana, अनन्तासन",Lying,Pose,Pose,Ananta's,Lateral,-,-,../Body Positions/Ananta's Pose
175,Anatomical (-) ⟮-⟯ [-] ⟨-⟩ ⧼Standing⧽,Anatomical,,Standing,,Anatomical,-,-,-,-,../Body Positions/Anatomical
10,Handstand (Arch) ⟮-⟯ [-] ⟨-⟩ ⧼Handstand⧽,Arch Handstand,,Balancing,,Handstand,Arch,-,-,-,../Body Positions/Arch Handstand
47,Archer (-) ⟮-⟯ [-] ⟨-⟩ ⧼Sitting⧽,Archer,"Shooting Bow, Bow and Arrow, Akarna Dhanurasana, आकर्णधनुरासन",Sitting,Split,Archer,-,-,-,-,../Body Positions/Archer
87,Athletic (-) ⟮-⟯ [-] ⟨-⟩ ⧼Bending⧽,Athletic,,Bending,,Athletic,-,-,-,-,../Body Positions/Athletic
115,Military (Attention) ⟮-⟯ [-] ⟨-⟩ ⧼Standing⧽,Attention Military,"Attention Soldier, At Attention, Attention",Standing,,Military,Attention,-,-,-,../Body Positions/Attention Military
319,Auspicious (-) ⟮-⟯ [-] ⟨-⟩ ⧼Sitting⧽,Auspicious,"Lucky Mark, Square, Svastikasana, स्वस्तिकसन",Sitting,Meditation,Auspicious,-,-,-,-,../Body Positions/Auspicious
328,Awkward (-) ⟮-⟯ [-] ⟨-⟩ ⧼Standing⧽,Awkward,"Powerful, Utkatasana, उत्कटासन",Standing,,Awkward,-,-,-,-,../Body Positions/Awkward
169,Bent (-) ⟮Backward⟯ [-] ⟨-⟩ ⧼Bending⧽,Backward Bent,,Bending,,Bent,-,Backward,-,-,../Body Positions/Backward Bent
191,Jumping (-) ⟮Backward⟯ [-] ⟨-⟩ ⧼Suspended⧽,Backward Jumping,,Suspended,,Jumping,-,Backward,-,-,../Body Positions/Backward Jumping
29,Leaning (-) ⟮Backward⟯ [-] ⟨-⟩ ⧼Leaning⧽,Backward Leaning,,Leaning,,Leaning,-,Backward,-,-,../Body Positions/Backward Leaning
248,Running (-) ⟮Backward⟯ [-] ⟨-⟩ ⧼Running⧽,Backward Running,,Running,,Running,-,Backward,-,-,../Body Positions/Backward Running
268,Kneeling (Sit) ⟮Backward⟯ [-] ⟨-⟩ ⧼Kneeling⧽,Backward Sit Kneeling,,Kneeling,,Kneeling,Sit,Backward,-,-,../Body Positions/Backward Sit Kneeling
249,Walking (-) ⟮Backward⟯ [-] ⟨-⟩ ⧼Walking⧽,Backward Walking,,Walking,,Walking,-,Backward,-,-,../Body Positions/Backward Walking
348,Twist (Belly) ⟮Supine⟯ [-] ⟨-⟩ ⧼Lying⧽,Belly Twist,"Jathara Parivartanasana, ञटर परिवर्तनासन",Lying,,Twist,Belly,Supine,-,-,../Body Positions/Belly Twist
76,Bent (-) ⟮-⟯ [-] ⟨-⟩ ⧼Bending⧽,Bent,Bent Over,Bending,,Bent,-,-,-,-,../Body Positions/Bent
277,Fowler (High) ⟮-⟯ [Bent Knees] ⟨-⟩ ⧼Sitting⧽,Bent Knees High Fowler,,Sitting,,Fowler,High,-,Bent Knees,-,../Body Positions/Bent Knees High Fowler
279,Fowler (Low) ⟮-⟯ [Bent Knees] ⟨-⟩ ⧼Sitting⧽,Bent Knees Low Fowler,,Sitting,,Fowler,Low,-,Bent Knees,-,../Body Positions/Bent Knees Low Fowler
278,Fowler (Semi) ⟮-⟯ [Bent Knees] ⟨-⟩ ⧼Sitting⧽,Bent Knees Semi Fowler,,Sitting,,Fowler,Semi,-,Bent Knees,-,../Body Positions/Bent Knees Semi Fowler
329,Big Toe (Hold) ⟮-⟯ [-] ⟨-⟩ ⧼Balancing⧽,Big Toe Hold,"Utthita Hastapadangusthasana, उत्थित हस्तपादाङ्गुष्ठासन, Standing Big Toe Hold",Balancing,,Big Toe,Hold,-,-,-,../Body Positions/Big Toe Hold
317,Big Toe (-) ⟮-⟯ [Supine] ⟨-⟩ ⧼Lying⧽,Big Toe Supine,"Supta Padangusthasana, सुप्त पादाङ्गुष्ठासन",Lying,,Big Toe,-,Supine,-,-,../Body Positions/Big Toe Supine
364,Boat (-) ⟮-⟯ [-] ⟨-⟩ ⧼Balancing⧽,Boat,"Navasana, Naukasana, नावासन, परिपूर्णनावासन नौकासन",Balancing,,Boat,-,-,-,-,../Body Positions/Boat
339,Bow (-) ⟮Prone⟯ [-] ⟨-⟩ ⧼Lying⧽,Bow,"Dhanurasana, धनुरासन",Lying,,Bow,-,Prone,-,-,../Body Positions/Bow
122,Bowing (-) ⟮-⟯ [-] ⟨-⟩ ⧼Bending⧽,Bowing,,Bending,Gesture,Bowing,-,-,-,-,../Body Positions/Bowing
13,Bridge (-) ⟮-⟯ [-] ⟨-⟩ ⧼Inversion⧽,Bridge,"Shoulder Supported Bridge, Setu Bandha Sarvangasana, सेतुबन्धसर्वाङ्गासन",Inversion,,Bridge,-,-,-,-,../Body Positions/Bridge
100,Butterfly (-) ⟮-⟯ [-] ⟨-⟩ ⧼Sitting⧽,Butterfly,"Cobbler's Pose, Bound Angle, Baddha Konasana, Bhadrasana, बद्धकोणासन",Sitting,Meditation,Butterfly,-,-,-,-,../Body Positions/Butterfly
327,Camel (-) ⟮-⟯ [-] ⟨-⟩ ⧼Kneeling⧽,Camel,"Ushtrasana, उष्ट्रासन",Kneeling,,Camel,-,-,-,-,../Body Positions/Camel
336,Cat (-) ⟮-⟯ [-] ⟨-⟩ ⧼Crawling⧽,Cat,"Bidalasana, Marjariasana, बिडालासन, मार्जरीआसन",Crawling,,Cat,-,-,-,-,../Body Positions/Cat
98,Caterpillar (-) ⟮Prone⟯ [-] ⟨-⟩ ⧼Lying⧽,Caterpillar,"Eight-Limbed Salutation, Ashtanga Namaskara, अष्टाङ्ग नमस्कार",Lying,,Caterpillar,-,Prone,-,-,../Body Positions/Caterpillar
330,Child (-) ⟮-⟯ [-] ⟨-⟩ ⧼Kneeling⧽,Child,"Child's, Balasana, बालासन",Kneeling,,Child,-,-,-,-,../Body Positions/Child
334,Cobra (-) ⟮Prone⟯ [-] ⟨-⟩ ⧼Lying⧽,Cobra,"Seal, Sphinx, Bhujangasana, भुजंगासन",Lying,,Cobra,-,Prone,-,-,../Body Positions/Cobra
353,Cockerel (-) ⟮-⟯ [-] ⟨-⟩ ⧼Balancing⧽,Cockerel,"Kukkutasana, कुक्कुटासन",Balancing,,Cockerel,-,-,-,-,../Body Positions/Cockerel
160,Bridge (-) ⟮-⟯ [Contrapposto] ⟨-⟩ ⧼Inversion⧽,Contrapposto Bridge,,Inversion,,Bridge,-,-,Contrapposto,-,../Body Positions/Contrapposto Bridge
155,Leaning (-) ⟮Horizontal⟯ [Contrapposto] ⟨-⟩ ⧼Leaning⧽,Contrapposto Horizontal Leaning,,Leaning,,Leaning,-,Horizontal,Contrapposto,-,../Body Positions/Contrapposto Horizontal Leaning
154,Thrust (-) ⟮Horizontal⟯ [Contrapposto] ⟨-⟩ ⧼Leaning⧽,Contrapposto Horizontal Thrust,,Leaning,,Thrust,-,Horizontal,Contrapposto,-,../Body Positions/Contrapposto Horizontal Thrust
172,Standing (Contrapposto) ⟮-⟯ [-] ⟨-⟩ ⧼Standing⧽,Contrapposto Standing,,Standing,,Standing,Contrapposto,-,-,-,../Body Positions/Contrapposto Standing
313,Corpse (-) ⟮Supine⟯ [-] ⟨-⟩ ⧼Lying⧽,Corpse,"Shavasana, शवासन",Lying,,Corpse,-,Supine,-,-,../Body Positions/Corpse
344,Cowherd (-) ⟮-⟯ [-] ⟨-⟩ ⧼Sitting⧽,Cowherd,"Gorakhnath's Pose, Gorakshasana, गोरक्षासन",Sitting,Meditation,Cowherd,-,-,-,-,../Body Positions/Cowherd
101,Crane (-) ⟮-⟯ [-] ⟨-⟩ ⧼Balancing⧽,Crane,"Crow, Bakasana, Kakasana, बकासन, ककासन",Balancing,,Crane,-,-,-,-,../Body Positions/Crane
135,Crawling (-) ⟮-⟯ [-] ⟨-⟩ ⧼Crawling⧽,Crawling,,Crawling,,Crawling,-,-,-,-,../Body Positions/Crawling
96,Moon (Crescent) ⟮-⟯ [-] ⟨-⟩ ⧼Bending⧽,Crescent Moon,"Dragon, Anjaneyasana, अञ्जनेयासन",Bending,,Moon,Crescent,-,-,-,../Body Positions/Crescent Moon
356,Crocodile (-) ⟮Prone⟯ [-] ⟨-⟩ ⧼Lying⧽,Crocodile,"Makarasana, मकरासन",Lying,,Crocodile,-,Prone,-,-,../Body Positions/Crocodile
35,Sitting (-) ⟮-⟯ [Crossed Ankles] ⟨-⟩ ⧼Sitting⧽,Crossed Ankles Sitting,,Sitting,,Sitting,-,-,Crossed Ankles,-,../Body Positions/Crossed Ankles Sitting
32,Fowler (High) ⟮-⟯ [Crossed Legs] ⟨-⟩ ⧼Sitting⧽,Crossed Legs High Fowler,,Sitting,,Fowler,High,-,Crossed Legs,-,../Body Positions/Crossed Legs High Fowler
57,Sitting (-) ⟮-⟯ [Crossed Legs] ⟨-⟩ ⧼Sitting⧽,Crossed Legs Sitting,,Sitting,,Sitting,-,-,Crossed Legs,-,../Body Positions/Crossed Legs Sitting
194,Standing (-) ⟮-⟯ [Crossed Legs] ⟨-⟩ ⧼Standing⧽,Crossed Legs Standing,,Standing,,Standing,-,-,Crossed Legs,-,../Body Positions/Crossed Legs Standing
107,Crouching (-) ⟮-⟯ [-] ⟨-⟩ ⧼Squatting⧽,Crouching,,Squatting,,Crouching,-,-,-,-,../Body Positions/Crouching
363,Dancer (-) ⟮-⟯ [-] ⟨-⟩ ⧼Balancing⧽,Dancer,"Lord of the Dance, Nataraja's Pose, Natarajasana, नटराजासन",Balancing,,Dancer,-,-,-,-,../Body Positions/Dancer
81,Handstand (-) ⟮-⟯ [1 Arm] ⟨Declined⟩ ⧼Handstand⧽,Declined 1 Arm Handstand,,Balancing,,Handstand,-,-,1 Arm,Declined,../Body Positions/Declined 1 Arm Handstand
230,Fowler (High) ⟮-⟯ [1 Leg] ⟨Declined⟩ ⧼Sitting⧽,Declined 1 Leg High Fowler,,Sitting,,Fowler,High,-,1 Leg,Declined,../Body Positions/Declined 1 Leg High Fowler
240,Suspended (-) ⟮Backward⟯ [-] ⟨Declined⟩ ⧼Suspended⧽,Declined Backward Suspended,,Suspended,,Suspended,-,Backward,-,Declined,../Body Positions/Declined Backward Suspended
224,Dog (-) ⟮Downward⟯ [-] ⟨Declined⟩ ⧼Bending⧽,Declined Downward Dog,,Bending,,Dog,Downward,-,-,Declined,../Body Positions/Declined Downward Dog
241,Suspended (-) ⟮Forward⟯ [-] ⟨Declined⟩ ⧼Suspended⧽,Declined Forward Suspended,,Suspended,,Suspended,-,Forward,-,Declined,../Body Positions/Declined Forward Suspended
79,Handstand (-) ⟮-⟯ [-] ⟨Declined⟩ ⧼Handstand⧽,Declined Handstand,,Balancing,,Handstand,-,-,-,Declined,../Body Positions/Declined Handstand
206,Fowler (High) ⟮-⟯ [-] ⟨Declined⟩ ⧼Sitting⧽,Declined High Fowler,,Sitting,,Fowler,High,-,-,Declined,../Body Positions/Declined High Fowler
208,Fowler (Low) ⟮-⟯ [-] ⟨Declined⟩ ⧼Sitting⧽,Declined Low Fowler,,Sitting,,Fowler,Low,-,-,Declined,../Body Positions/Declined Low Fowler
186,Lying (-) ⟮Supine⟯ [Lowered Knees] ⟨Declined⟩ ⧼Lying⧽,Declined Lowered Knees Supine Lying,,Lying,,Lying,-,Supine,Lowered Knees,Declined,../Body Positions/Declined Lowered Knees Supine Lying
105,Plank (-) ⟮-⟯ [-] ⟨Declined⟩ ⧼Crawling⧽,Declined Plank,Declined Low Plank,Crawling,,Plank,-,-,-,Declined,../Body Positions/Declined Plank
204,Fowler (Semi) ⟮-⟯ [-] ⟨Declined⟩ ⧼Sitting⧽,Declined Semi Fowler,,Sitting,,Fowler,Semi,-,-,Declined,../Body Positions/Declined Semi Fowler
39,Lying (-) ⟮Supine⟯ [-] ⟨Declined⟩ ⧼Lying⧽,Declined Supine Lying,Trendelenburg,Lying,,Lying,-,Supine,-,Declined,../Body Positions/Declined Supine Lying
236,Suspended (-) ⟮-⟯ [-] ⟨Declined⟩ ⧼Suspended⧽,Declined Suspended,,Suspended,,Suspended,-,-,-,Declined,../Body Positions/Declined Suspended
146,Decubitus (-) ⟮-⟯ [-] ⟨-⟩ ⧼Lying⧽,Decubitus,,Lying,Medical,Decubitus,-,-,-,-,../Body Positions/Decubitus
124,Dog (-) ⟮Downward⟯ [-] ⟨-⟩ ⧼Bending⧽,Downward Dog,"Downward Facing Dog, Adho Mukha Svanasana, Adho Mukha Shvanasana, अधोमुखश्वानासन",Bending,Yoga,Dog,-,Downward,-,-,../Body Positions/Downward Dog
324,Dragonfly (-) ⟮-⟯ [-] ⟨-⟩ ⧼Sitting⧽,Dragonfly,"Open Angle, Upavishta Konasana, उपविष्टकोणासन",Sitting,Split,Dragonfly,-,-,-,-,../Body Positions/Dragonfly
340,Pose (Durvasa's) ⟮-⟯ [-] ⟨-⟩ ⧼Balancing⧽,Durvasa's Pose,"Durvasasana, दुर्वासासन",Balancing,Pose,Pose,Durvasa's,-,-,-,../Body Positions/Durvasa's Pose
342,Eagle (-) ⟮-⟯ [-] ⟨-⟩ ⧼Balancing⧽,Eagle,"Garudasana, गरुडासन",Balancing,,Eagle,-,-,-,-,../Body Positions/Eagle
350,Ear Pressing (-) ⟮-⟯ [-] ⟨-⟩ ⧼Inversion⧽,Ear Pressing,"Karnapidasana, कर्णपीडासन",Inversion,,Ear Pressing,-,-,-,-,../Body Positions/Ear Pressing
316,Easy (-) ⟮-⟯ [-] ⟨-⟩ ⧼Sitting⧽,Easy,"Sukhasana, सुखासन",Sitting,Meditation,Easy,-,-,-,-,../Body Positions/Easy
99,Eight Angled (-) ⟮-⟯ [-] ⟨-⟩ ⧼Balancing⧽,Eight Angled,"Aṣṭāvakra's Pose, Astavakrasana, अष्टावक्रासन",Balancing,,Eight Angled,-,-,-,-,../Body Positions/Eight Angled
106,Handstand (Elbow) ⟮-⟯ [-] ⟨-⟩ ⧼Handstand⧽,Elbow Handstand,Pincha Mayurasana,Balancing,,Handstand,Elbow,-,-,-,../Body Positions/Elbow Handstand
247,Running (Elliptical) ⟮-⟯ [-] ⟨-⟩ ⧼Running⧽,Elliptical Running,,Running,,Running,Elliptical,-,-,-,../Body Positions/Elliptical Running
246,Walking (Elliptical) ⟮-⟯ [-] ⟨-⟩ ⧼Walking⧽,Elliptical Walking,,Walking,,Walking,Elliptical,-,-,-,../Body Positions/Elliptical Walking
341,Embryo (In Womb) ⟮-⟯ [-] ⟨-⟩ ⧼Sitting⧽,Embryo in Womb,"Garbha Pindasana, गर्भासन",Sitting,,Embryo,In Womb,-,-,-,../Body Positions/Embryo in Womb
308,Peacock (Feathered) ⟮-⟯ [-] ⟨-⟩ ⧼Balancing⧽,Feathered Peacock,"Pincha Mayurasana, पिञ्चमयूरासन",Balancing,,Peacock,Feathered,-,-,-,../Body Positions/Feathered Peacock
123,Fetal (-) ⟮-⟯ [-] ⟨-⟩ ⧼Lying⧽,Fetal,,Lying,Sleeping,Fetal,-,-,-,-,../Body Positions/Fetal
36,Sitting (Figure Four) ⟮-⟯ [-] ⟨-⟩ ⧼Sitting⧽,Figure Four Sitting,,Sitting,,Sitting,Figure Four,-,-,-,../Body Positions/Figure Four Sitting
321,Firefly (-) ⟮-⟯ [-] ⟨-⟩ ⧼Balancing⧽,Firefly,"Tittibhasana, टिट्टिभासन",Balancing,,Firefly,-,-,-,-,../Body Positions/Firefly
359,Fish (-) ⟮-⟯ [-] ⟨-⟩ ⧼Reclining⧽,Fish,"Matsyasana, मत्स्यासन",Reclining,,Fish,-,-,-,-,../Body Positions/Fish
173,Standing (-) ⟮-⟯ [Folded Arms] ⟨-⟩ ⧼Standing⧽,Folded Arms Standing,Action Pose,Standing,,Standing,-,-,Folded Arms,-,../Body Positions/Folded Arms Standing
332,Formidable (-) ⟮Supine⟯ [-] ⟨-⟩ ⧼Lying⧽,Formidable,"Bhairavasana, Ankushasana, भैरवासन, अण्कुशासन",Lying,,Formidable,-,Supine,-,-,../Body Positions/Formidable
25,Bent (-) ⟮Forward⟯ [-] ⟨-⟩ ⧼Bending⧽,Forward Bent,"Standing Forward Bend, Upright Forward Bend, Uttanasana, उत्तानासन",Bending,,Bent,-,Forward,-,-,../Body Positions/Forward Bent
4,Jumping (-) ⟮Forward⟯ [-] ⟨-⟩ ⧼Suspended⧽,Forward Jumping,Forward Jump,Suspended,,Jumping,-,Forward,-,-,../Body Positions/Forward Jumping
167,Leaning (-) ⟮Forward⟯ [-] ⟨-⟩ ⧼Leaning⧽,Forward Leaning,,Leaning,,Leaning,-,Forward,-,-,../Body Positions/Forward Leaning
114,Freefall (-) ⟮-⟯ [-] ⟨-⟩ ⧼Suspended⧽,Freefall,Free Fall,Suspended,,Freefall,-,-,-,-,../Body Positions/Freefall
333,Frog (-) ⟮Prone⟯ [-] ⟨-⟩ ⧼Lying⧽,Frog,"Bhekasana, भेकासन",Lying,,Frog,-,Prone,-,-,../Body Positions/Frog
17,Split (-) ⟮Front⟯ [-] ⟨-⟩ ⧼Sitting⧽,Front Split,Hanumanasana,Sitting,Split,Split,-,Front,-,-,../Body Positions/Front Split
111,Planche (Full) ⟮-⟯ [-] ⟨-⟩ ⧼Balancing⧽,Full Planche,,Balancing,,Planche,Full,-,-,-,../Body Positions/Full Planche
68,Squatting (Full) ⟮-⟯ [-] ⟨-⟩ ⧼Squatting⧽,Full Squatting,,Squatting,,Squatting,Full,-,-,-,../Body Positions/Full Squatting
357,Garland (-) ⟮-⟯ [-] ⟨-⟩ ⧼Squatting⧽,Garland,"Malasana, मालासन",Squatting,,Garland,-,-,-,-,../Body Positions/Garland
366,Gate (-) ⟮-⟯ [-] ⟨-⟩ ⧼Standing⧽,Gate,"Parighasana, परिघासन",Standing,,Gate,-,-,-,-,../Body Positions/Gate
26,Bent (Half) ⟮Forward⟯ [-] ⟨-⟩ ⧼Bending⧽,Half Forward Bent,Ardha Uttanasana,Bending,,Bent,Half,Forward,-,-,../Body Positions/Half Forward Bent
78,Handstand (Half) ⟮-⟯ [-] ⟨-⟩ ⧼Handstand⧽,Half Handstand,,Balancing,,Handstand,Half,-,-,-,../Body Positions/Half Handstand
21,Headstand (Half) ⟮-⟯ [-] ⟨-⟩ ⧼Headstand⧽,Half Headstand,"Shirshasana A, Shirshasana 1, Sirsasana A, Sirsasana 1, Elbow Headstand",Balancing,,Headstand,Half,-,-,-,../Body Positions/Half Headstand
136,Kneeling (Half) ⟮-⟯ [-] ⟨-⟩ ⧼Kneeling⧽,Half Kneeling,"Taking a Knee, Genuflection",Kneeling,,Kneeling,Half,-,-,-,../Body Positions/Half Kneeling
97,Moon (Half) ⟮-⟯ [-] ⟨-⟩ ⧼Bending⧽,Half Moon,"Ardha Chandrasana, अर्धचन्द्रासन",Bending,,Moon,Half,-,-,-,../Body Positions/Half Moon
174,Standing (-) ⟮-⟯ [Hands on Hips] ⟨-⟩ ⧼Standing⧽,Hands on Hips Standing,Akimbo Standing,Standing,,Standing,-,-,Hands on Hips,-,../Body Positions/Hands on Hips Standing
77,Handstand (-) ⟮-⟯ [-] ⟨-⟩ ⧼Handstand⧽,Handstand,"Yoga Handstand, Downward Facing Tree, Adho Mukha Vrikshasana, अधोमुखवृक्षासन",Balancing,,Handstand,-,-,-,-,../Body Positions/Handstand
89,Hanging (-) ⟮-⟯ [-] ⟨-⟩ ⧼Hanging⧽,Hanging,,Hanging,,Hanging,-,-,-,-,../Body Positions/Hanging
346,Pose (Hanuman's) ⟮-⟯ [-] ⟨-⟩ ⧼Sitting⧽,Hanuman's Pose,"Hanumanasana, हनुमनासन",Sitting,Pose,Pose,Hanuman's,-,-,-,../Body Positions/Hanuman's Pose
22,Headstand (-) ⟮-⟯ [-] ⟨-⟩ ⧼Headstand⧽,Headstand,"Yoga Headstand, Shirshasana B, Shirshasana 2, Sirsasana B, Sirsasana 2, Kapalasana, शीर्षासन",Balancing,,Headstand,-,-,-,-,../Body Positions/Headstand
347,Head to Knee (-) ⟮-⟯ [-] ⟨-⟩ ⧼Bending⧽,Head-to-Knee,"Head-to-Knee, Janusirsasana, जानुशीर्षासन",Bending,,Head to Knee,-,-,-,-,../Body Positions/Head-to-Knee
301,Hero (-) ⟮-⟯ [-] ⟨-⟩ ⧼Kneeling⧽,Hero,"Hero's Meditation, Virasana, Dhyana Virasana, वीरासन, ध्यान वीरासन",Kneeling,Meditation,Hero,-,-,-,-,../Body Positions/Hero
352,Heron (-) ⟮-⟯ [-] ⟨-⟩ ⧼Sitting⧽,Heron,"Kraunchasana, क्रौञ्चासन",Sitting,,Heron,-,-,-,-,../Body Positions/Heron
14,Bridge (High) ⟮-⟯ [-] ⟨-⟩ ⧼Inversion⧽,High Bridge,,Inversion,,Bridge,High,-,-,-,../Body Positions/High Bridge
61,Fowler (High) ⟮-⟯ [-] ⟨-⟩ ⧼Sitting⧽,High Fowler,"90 Degree Fowler, Long Sitting",Sitting,,Fowler,High,-,-,-,../Body Positions/High Fowler
2,Lithotomy (High) ⟮Supine⟯ [-] ⟨-⟩ ⧼Lying⧽,High Lithotomy,,Lying,Medical,Lithotomy,High,Supine,-,-,../Body Positions/High Lithotomy
55,Plank (High) ⟮-⟯ [-] ⟨-⟩ ⧼Crawling⧽,High Plank,,Crawling,,Plank,High,-,-,-,../Body Positions/High Plank
180,Hanging (-) ⟮Horizontal⟯ [-] ⟨-⟩ ⧼Hanging⧽,Horizontal Hanging,,Hanging,,Hanging,-,Horizontal,-,-,../Body Positions/Horizontal Hanging
151,Leaning (-) ⟮Horizontal⟯ [-] ⟨-⟩ ⧼Leaning⧽,Horizontal Leaning,,Leaning,,Leaning,-,Horizontal,-,-,../Body Positions/Horizontal Leaning
197,Suspended (-) ⟮Horizontal⟯ [-] ⟨-⟩ ⧼Suspended⧽,Horizontal Suspended,,Suspended,,Suspended,-,Horizontal,-,-,../Body Positions/Horizontal Suspended
150,Thrust (-) ⟮Horizontal⟯ [-] ⟨-⟩ ⧼Leaning⧽,Horizontal Thrust,,Leaning,,Thrust,-,Horizontal,-,-,../Body Positions/Horizontal Thrust
223,Plank (High) ⟮-⟯ [1 Arm] ⟨Inclined⟩ ⧼Crawling⧽,Inclined 1 Arm High Plank,,Crawling,,Plank,High,-,1 Arm,Inclined,../Body Positions/Inclined 1 Arm High Plank
222,Plank (Low) ⟮-⟯ [1 Arm] ⟨Inclined⟩ ⧼Crawling⧽,Inclined 1 Arm Low Plank,,Crawling,,Plank,Low,-,1 Arm,Inclined,../Body Positions/Inclined 1 Arm Low Plank
108,Standing (-) ⟮Forward⟯ [1 Leg] ⟨-⟩ ⧼Standing⧽,Inclined 1 Leg Forward Standing,,Standing,,Standing,-,Forward,1 Leg,Inclined,../Body Positions/Inclined 1 Leg Forward Standing
166,Sitting (-) ⟮Backward⟯ [-] ⟨Inclined⟩ ⧼Sitting⧽,Inclined Backward Sitting,,Sitting,,Sitting,-,Backward,-,Inclined,../Body Positions/Inclined Backward Sitting
272,Squatting (-) ⟮Backward⟯ [-] ⟨Inclined⟩ ⧼Squatting⧽,Inclined Backward Squatting,,Squatting,,Squatting,-,Backward,-,Inclined,../Body Positions/Inclined Backward Squatting
269,Standing (-) ⟮Backward⟯ [-] ⟨Inclined⟩ ⧼Standing⧽,Inclined Backward Standing,,Standing,,Standing,-,Backward,-,Inclined,../Body Positions/Inclined Backward Standing
184,Straddling (-) ⟮Backward⟯ [-] ⟨-⟩ ⧼Straddling⧽,Inclined Backward Straddling,,Straddling,,Straddling,-,Backward,-,Inclined,../Body Positions/Inclined Backward Straddling
238,Suspended (-) ⟮Backward⟯ [-] ⟨Inclined⟩ ⧼Suspended⧽,Inclined Backward Suspended,,Suspended,,Suspended,-,Backward,-,Inclined,../Body Positions/Inclined Backward Suspended
233,Crawling (-) ⟮-⟯ [-] ⟨Inclined⟩ ⧼Crawling⧽,Inclined Crawling,,Crawling,,Crawling,-,-,-,Inclined,../Body Positions/Inclined Crawling
225,Dog (-) ⟮Downward⟯ [-] ⟨Inclined⟩ ⧼Bending⧽,Inclined Downward Dog,,Bending,,Dog,Downward,-,-,Inclined,../Body Positions/Inclined Downward Dog
37,Sitting (-) ⟮Forward⟯ [-] ⟨Inclined⟩ ⧼Sitting⧽,Inclined Forward Sitting,,Sitting,,Sitting,-,Forward,-,Inclined,../Body Positions/Inclined Forward Sitting
64,Squatting (-) ⟮Forward⟯ [-] ⟨Inclined⟩ ⧼Squatting⧽,Inclined Forward Squatting,,Squatting,,Squatting,-,Forward,-,Inclined,../Body Positions/Inclined Forward Squatting
168,Standing (-) ⟮Forward⟯ [-] ⟨Inclined⟩ ⧼Standing⧽,Inclined Forward Standing,,Standing,,Standing,-,Forward,-,Inclined,../Body Positions/Inclined Forward Standing
183,Straddling (-) ⟮Forward⟯ [-] ⟨-⟩ ⧼Straddling⧽,Inclined Forward Straddling,,Straddling,,Straddling,-,Forward,-,Inclined,../Body Positions/Inclined Forward Straddling
239,Suspended (-) ⟮Forward⟯ [-] ⟨Inclined⟩ ⧼Suspended⧽,Inclined Forward Suspended,,Suspended,,Suspended,-,Forward,-,Inclined,../Body Positions/Inclined Forward Suspended
38,Squatting (Full) ⟮-⟯ [-] ⟨Inclined⟩ ⧼Squatting⧽,Inclined Full Squatting,,Squatting,,Squatting,Full,-,-,Inclined,../Body Positions/Inclined Full Squatting
181,Hanging (-) ⟮-⟯ [-] ⟨Inclined⟩ ⧼Hanging⧽,Inclined Hanging,,Hanging,,Hanging,-,-,-,Inclined,../Body Positions/Inclined Hanging
207,Fowler (High) ⟮-⟯ [-] ⟨Inclined⟩ ⧼Sitting⧽,Inclined High Fowler,,Sitting,,Fowler,High,-,-,Inclined,../Body Positions/Inclined High Fowler
51,Plank (High) ⟮-⟯ [-] ⟨Inclined⟩ ⧼Crawling⧽,Inclined High Plank,,Crawling,,Plank,High,-,-,Inclined,../Body Positions/Inclined High Plank
235,Kneeling (-) ⟮-⟯ [-] ⟨Inclined⟩ ⧼Kneeling⧽,Inclined Kneeling,,Kneeling,,Kneeling,-,-,-,Inclined,../Body Positions/Inclined Kneeling
234,Plank (-) ⟮-⟯ [Kneeling] ⟨Inclined⟩ ⧼Crawling⧽,Inclined Kneeling Plank,,Crawling,,Plank,-,-,Kneeling,Inclined,../Body Positions/Inclined Kneeling Plank
49,Lying (-) ⟮Lateral⟯ [-] ⟨Inclined⟩ ⧼Lying⧽,Inclined Lateral Lying,,Lying,,Lying,-,Lateral,-,Inclined,../Body Positions/Inclined Lateral Lying
103,Plank (-) ⟮Lateral⟯ [-] ⟨Inclined⟩ ⧼Crawling⧽,Inclined Lateral Plank,,Crawling,,Plank,-,Lateral,-,Inclined,../Body Positions/Inclined Lateral Plank
209,Fowler (Low) ⟮-⟯ [-] ⟨Inclined⟩ ⧼Sitting⧽,Inclined Low Fowler,,Sitting,,Fowler,Low,-,-,Inclined,../Body Positions/Inclined Low Fowler
210,Plank (Low) ⟮-⟯ [-] ⟨Inclined⟩ ⧼Crawling⧽,Inclined Low Plank,,Crawling,,Plank,Low,-,-,Inclined,../Body Positions/Inclined Low Plank
187,Lying (-) ⟮Supine⟯ [Lowered Knees] ⟨Inclined⟩ ⧼Lying⧽,Inclined Lowered Knees Supine Lying,,Lying,,Lying,-,Supine,Lowered Knees,Inclined,../Body Positions/Inclined Lowered Knees Supine Lying
265,Squatting (Partial) ⟮-⟯ [-] ⟨Inclined⟩ ⧼Squatting⧽,Inclined Partial Squatting,,Squatting,,Squatting,Partial,-,-,Inclined,../Body Positions/Inclined Partial Squatting
104,Plank (-) ⟮-⟯ [-] ⟨Inclined⟩ ⧼Crawling⧽,Inclined Plank,Inclined Low Plank,Crawling,,Plank,-,-,-,Inclined,../Body Positions/Inclined Plank
140,Lying (-) ⟮Prone⟯ [-] ⟨Inclined⟩ ⧼Lying⧽,Inclined Prone Lying,,Lying,,Lying,-,Prone,-,Inclined,../Body Positions/Inclined Prone Lying
293,Lying (-) ⟮Supine⟯ [Raised Legs] ⟨Inclined⟩ ⧼Lying⧽,Inclined Raised Legs Supine Lying,,Lying,,Lying,-,Supine,Raised Legs,Inclined,../Body Positions/Inclined Raised Legs Supine Lying
245,Running (-) ⟮-⟯ [-] ⟨Inclined⟩ ⧼Running⧽,Inclined Running,,Running,,Running,-,-,-,Inclined,../Body Positions/Inclined Running
205,Fowler (Semi) ⟮-⟯ [-] ⟨Inclined⟩ ⧼Sitting⧽,Inclined Semi Fowler,,Sitting,,Fowler,Semi,-,-,Inclined,../Body Positions/Inclined Semi Fowler
69,Squatting (-) ⟮-⟯ [Split] ⟨Inclined⟩ ⧼Squatting⧽,Inclined Split Squatting,,Squatting,,Squatting,-,-,Split,Inclined,../Body Positions/Inclined Split Squatting
370,Squatting (-) ⟮-⟯ [-] ⟨Inclined⟩ ⧼Squatting⧽,Inclined Squatting,,Squatting,,Squatting,-,-,-,Inclined,../Body Positions/Inclined Squatting
85,Standing (-) ⟮-⟯ [-] ⟨Inclined⟩ ⧼Standing⧽,Inclined Standing,,Standing,,Standing,-,-,-,Inclined,../Body Positions/Inclined Standing
48,Lying (-) ⟮Supine⟯ [-] ⟨Inclined⟩ ⧼Lying⧽,Inclined Supine Lying,Reverse Trendelenburg,Lying,,Lying,-,Supine,-,Inclined,../Body Positions/Inclined Supine Lying
237,Suspended (-) ⟮-⟯ [-] ⟨Inclined⟩ ⧼Suspended⧽,Inclined Suspended,,Suspended,,Suspended,-,-,-,Inclined,../Body Positions/Inclined Suspended
212,Plank (High) ⟮-⟯ [-] ⟨Inclined⟩ ⧼Leaning⧽,Inclined Upward High Plank,,Leaning,,Plank,High,Upward,-,Inclined,../Body Positions/Inclined Upward High Plank
211,Plank (Low) ⟮-⟯ [-] ⟨Inclined⟩ ⧼Leaning⧽,Inclined Upward Low Plank,,Leaning,,Plank,Low,Upward,-,Inclined,../Body Positions/Inclined Upward Low Plank
244,Walking (-) ⟮-⟯ [-] ⟨Inclined⟩ ⧼Walking⧽,Inclined Walking,,Walking,,Walking,-,-,-,Inclined,../Body Positions/Inclined Walking
368,Stretch (Intense) ⟮Lateral⟯ [-] ⟨-⟩ ⧼Standing⧽,Intense Lateral Stretch,"Intense Side Stretch, Parshvottanasana, पार्श्वोत्तनासन",Standing,,Stretch,Intense,Lateral,-,-,../Body Positions/Intense Lateral Stretch
296,Practice (-) ⟮Inverted⟯ [-] ⟨-⟩ ⧼Inversion⧽,Inverted Practice,"Legs Up the Wall, Viparita Karani, Uttanapadasana, विपरीतकरणि",Inversion,,Practice,-,Inverted,-,-,../Body Positions/Inverted Practice
295,Staff (-) ⟮Inverted⟯ [-] ⟨-⟩ ⧼Inversion⧽,Inverted Staff,"Viparita Dandasana, विपरीत दण्डासन",Inversion,,Staff,-,Inverted,-,-,../Body Positions/Inverted Staff
351,Pose (Kaundinya's) ⟮-⟯ [-] ⟨-⟩ ⧼Balancing⧽,Kaundinya's Pose,"Kaundinyasana, कौण्डिन्यसन",Balancing,Pose,Pose,Kaundinya's,-,-,-,../Body Positions/Kaundinya's Pose
310,Pigeon (King) ⟮-⟯ [-] ⟨-⟩ ⧼Sitting⧽,King Pigeon,"Rajakapotasana, राजकपोतासन",Sitting,,Pigeon,King,-,-,-,../Body Positions/King Pigeon
147,Lying (-) ⟮Prone⟯ [Knee to Chest] ⟨-⟩ ⧼Lying⧽,Knee to Chest Prone Lying,,Lying,Medical,Lying,-,Prone,Knee to Chest,-,../Body Positions/Knee to Chest Prone Lying
127,Lying (-) ⟮Supine⟯ [Knee to Chest] ⟨-⟩ ⧼Lying⧽,Knee to Chest Supine Lying,Knee-Chest Supine Lying,Lying,,Lying,-,Supine,Knee to Chest,-,../Body Positions/Knee to Chest Supine Lying
121,Plank (-) ⟮-⟯ [Knee to Elbow] ⟨-⟩ ⧼Crawling⧽,Knee to Elbow Plank,Knee-Elbow Plank,Crawling,,Plank,-,-,Knee to Elbow,-,../Body Positions/Knee to Elbow Plank
214,Plank (High) ⟮-⟯ [Kneeling] ⟨-⟩ ⧼Crawling⧽,Kneeling High Plank,,Crawling,,Plank,High,-,Kneeling,-,../Body Positions/Kneeling High Plank
281,Lunge (-) ⟮Lateral⟯ [Kneeling] ⟨-⟩ ⧼Lunging⧽,Kneeling Lateral Lunge,,Lunging,,Lunge,-,Lateral,Kneeling,-,../Body Positions/Kneeling Lateral Lunge
213,Plank (Low) ⟮-⟯ [Kneeling] ⟨-⟩ ⧼Crawling⧽,Kneeling Low Plank,,Crawling,,Plank,Low,-,Kneeling,-,../Body Positions/Kneeling Low Plank
198,Plank (-) ⟮-⟯ [Kneeling] ⟨-⟩ ⧼Crawling⧽,Kneeling Plank,,Crawling,,Plank,Knee,-,-,-,../Body Positions/Kneeling Plank
34,Sitting (-) ⟮-⟯ [Knees Apart] ⟨-⟩ ⧼Sitting⧽,Knees Apart Sitting,,Sitting,,Sitting,-,-,Knees Apart,-,../Body Positions/Knees Apart Sitting
120,Kowtowing (-) ⟮-⟯ [-] ⟨-⟩ ⧼Crawling⧽,Kowtowing,,Crawling,Gesture,Kowtowing,-,-,-,-,../Body Positions/Kowtowing
75,Bent (-) ⟮Lateral⟯ [-] ⟨-⟩ ⧼Bending⧽,Lateral Bent,Side Bent,Bending,,Bent,-,Lateral,-,-,../Body Positions/Lateral Bent
231,Boat (-) ⟮-⟯ [-] ⟨-⟩ ⧼Balancing⧽,Lateral Boat,,Balancing,,Boat,-,Lateral,-,-,../Body Positions/Lateral Boat
292,Squatting (Full) ⟮Lateral⟯ [-] ⟨-⟩ ⧼Squatting⧽,Lateral Full Squatting,,Squatting,,Squatting,Full,Lateral,-,-,../Body Positions/Lateral Full Squatting
54,Plank (High) ⟮Lateral⟯ [-] ⟨-⟩ ⧼Crawling⧽,Lateral High Plank,Side High Plank,Crawling,,Plank,High,Lateral,-,-,../Body Positions/Lateral High Plank
131,Jumping (-) ⟮Lateral⟯ [-] ⟨-⟩ ⧼Suspended⧽,Lateral Jumping,"Lateral Jump, Side Jumping",Suspended,,Jumping,-,Lateral,-,-,../Body Positions/Lateral Jumping
83,Leaning (-) ⟮Lateral⟯ [-] ⟨-⟩ ⧼Leaning⧽,Lateral Leaning,,Leaning,,Leaning,-,Lateral,-,-,../Body Positions/Lateral Leaning
201,Lunge (-) ⟮Lateral⟯ [-] ⟨-⟩ ⧼Lunging⧽,Lateral Lunge,,Lunging,,Lunge,-,Lateral,-,-,../Body Positions/Lateral Lunge
139,Lying (-) ⟮Lateral⟯ [-] ⟨-⟩ ⧼Lying⧽,Lateral Lying,Side Lying,Lying,,Lying,-,Lateral,-,-,../Body Positions/Lateral Lying
56,Plank (-) ⟮Lateral⟯ [-] ⟨-⟩ ⧼Crawling⧽,Lateral Plank,"Side Plank, Vasishta's Pose, Vasishtasana, वसिष्ठासन",Balancing,,Plank,-,Lateral,-,-,../Body Positions/Lateral Plank
253,Running (-) ⟮Lateral⟯ [-] ⟨-⟩ ⧼Running⧽,Lateral Running,,Running,,Running,-,Lateral,-,-,../Body Positions/Lateral Running
18,Split (-) ⟮Lateral⟯ [-] ⟨-⟩ ⧼Sitting⧽,Lateral Split,"Side Split, Samakonasana, समकोणासन",Sitting,Split,Split,-,Lateral,-,-,../Body Positions/Lateral Split
109,Squatting (-) ⟮Lateral⟯ [-] ⟨-⟩ ⧼Squatting⧽,Lateral Squatting,Side Squatting,Squatting,,Squatting,-,Lateral,-,-,../Body Positions/Lateral Squatting
252,Walking (-) ⟮Lateral⟯ [-] ⟨-⟩ ⧼Walking⧽,Lateral Walking,,Walking,,Walking,-,Lateral,-,-,../Body Positions/Lateral Walking
196,Standing (-) ⟮-⟯ [Leg Forward] ⟨-⟩ ⧼Standing⧽,Leg Forward Standing,,Standing,,Standing,-,-,Leg Forward,-,../Body Positions/Leg Forward Standing
270,Squatting (Full) ⟮-⟯ [Legs Apart] ⟨-⟩ ⧼Squatting⧽,Legs Apart Full Squatting,,Squatting,,Squatting,Full,-,Legs Apart,-,../Body Positions/Legs Apart Full Squatting
280,Bent (Half) ⟮Forward⟯ [Legs Apart] ⟨-⟩ ⧼Bending⧽,Legs Apart Half Forward Bent,,Bending,,Bent,Half,Forward,Legs Apart,-,../Body Positions/Legs Apart Half Forward Bent
274,Fowler (High) ⟮-⟯ [Legs Apart] ⟨-⟩ ⧼Sitting⧽,Legs Apart High Fowler,,Sitting,,Fowler,High,-,Legs Apart,-,../Body Positions/Legs Apart High Fowler
276,Fowler (Low) ⟮-⟯ [Legs Apart] ⟨-⟩ ⧼Sitting⧽,Legs Apart Low Fowler,,Sitting,,Fowler,Low,-,Legs Apart,-,../Body Positions/Legs Apart Low Fowler
283,Fowler (High) ⟮Reverse⟯ [Legs Apart] ⟨-⟩ ⧼Sitting⧽,Legs Apart Reverse High Fowler,,Sitting,,Fowler,High,Reverse,Legs Apart,-,../Body Positions/Legs Apart Reverse High Fowler
284,Fowler (Low) ⟮Reverse⟯ [Legs Apart] ⟨-⟩ ⧼Sitting⧽,Legs Apart Reverse Low Fowler,,Sitting,,Fowler,Low,Reverse,Legs Apart,-,../Body Positions/Legs Apart Reverse Low Fowler
282,Fowler (Semi) ⟮Reverse⟯ [Legs Apart] ⟨-⟩ ⧼Sitting⧽,Legs Apart Reverse Semi Fowler,,Sitting,,Fowler,Semi,Reverse,Legs Apart,-,../Body Positions/Legs Apart Reverse Semi Fowler
275,Fowler (Semi) ⟮-⟯ [Legs Apart] ⟨-⟩ ⧼Sitting⧽,Legs Apart Semi Fowler,,Sitting,,Fowler,Semi,-,Legs Apart,-,../Body Positions/Legs Apart Semi Fowler
267,Squatting (-) ⟮-⟯ [Legs Apart] ⟨-⟩ ⧼Squatting⧽,Legs Apart Squatting,,Squatting,,Squatting,-,-,Legs Apart,-,../Body Positions/Legs Apart Squatting
193,Standing (-) ⟮-⟯ [Legs Apart] ⟨-⟩ ⧼Standing⧽,Legs Apart Standing,,Standing,,Standing,-,-,Legs Apart,-,../Body Positions/Legs Apart Standing
362,Liberated (-) ⟮-⟯ [-] ⟨-⟩ ⧼Sitting⧽,Liberated,"Muktasana, मुक्तासन",Sitting,Meditation,Liberated,-,-,-,-,../Body Positions/Liberated
315,Lion (-) ⟮-⟯ [-] ⟨-⟩ ⧼Kneeling⧽,Lion,"Simhasana, सिंहासन",Kneeling,Meditation,Lion,-,-,-,-,../Body Positions/Lion
1,Lithotomy (-) ⟮Supine⟯ [-] ⟨-⟩ ⧼Lying⧽,Lithotomy,Standard Lithotomy,Lying,Medical,Lithotomy,-,Supine,-,-,../Body Positions/Lithotomy
311,Locust (-) ⟮Prone⟯ [-] ⟨-⟩ ⧼Lying⧽,Locust,"Shalabhasana, शलभासन",Lying,,Locust,-,Prone,-,-,../Body Positions/Locust
117,Log (-) ⟮-⟯ [-] ⟨-⟩ ⧼Lying⧽,Log,,Lying,Sleeping,Log,-,-,-,-,../Body Positions/Log
365,Lotus (-) ⟮-⟯ [-] ⟨-⟩ ⧼Sitting⧽,Lotus,"Padmasana, पद्मासन",Sitting,Meditation,Lotus,-,-,-,-,../Body Positions/Lotus
59,Fowler (Low) ⟮-⟯ [-] ⟨-⟩ ⧼Sitting⧽,Low Fowler,30 Degree Fowler,Sitting,,Fowler,Low,-,-,-,../Body Positions/Low Fowler
291,Lunge (Low) ⟮Lateral⟯ [-] ⟨-⟩ ⧼Lunging⧽,Low Lateral Lunge,,Lunging,,Lunge,Low,Lateral,-,-,../Body Positions/Low Lateral Lunge
118,Lithotomy (Low) ⟮Supine⟯ [-] ⟨-⟩ ⧼Lying⧽,Low Lithotomy,,Lying,Medical,Lithotomy,Low,Supine,-,-,../Body Positions/Low Lithotomy
337,Plank (Low) ⟮-⟯ [-] ⟨-⟩ ⧼Crawling⧽,Low Plank,"Four-Limbed Staff, Chaturanga Dandasana, चतुरङ्गदण्डासन",Crawling,,Plank,Low,-,-,-,../Body Positions/Low Plank
188,Lying (-) ⟮Prone⟯ [Lowered Knees] ⟨-⟩ ⧼Lying⧽,Lowered Knees Prone Lying,,Lying,,Lying,-,Prone,Lowered Knees,-,../Body Positions/Lowered Knees Prone Lying
185,Lying (-) ⟮Supine⟯ [Lowered Knees] ⟨-⟩ ⧼Lying⧽,Lowered Knees Supine Lying,,Lying,,Lying,-,Supine,Lowered Knees,-,../Body Positions/Lowered Knees Supine Lying
189,Lying (-) ⟮Prone⟯ [Lowered Knees] ⟨-⟩ ⧼Lying⧽,Lowered Legs Prone Lying,,Lying,,Lying,-,Prone,Lowered Legs,-,../Body Positions/Lowered Legs Prone Lying
71,Lunge (-) ⟮-⟯ [-] ⟨-⟩ ⧼Lunging⧽,Lunge,,Lunging,,Lunge,-,-,-,-,../Body Positions/Lunge
358,Pose (Marichi's) ⟮-⟯ [-] ⟨-⟩ ⧼Sitting⧽,Marichi's Pose,"Marichyasana, मरीच्यासन",Sitting,Pose,Pose,Marichi's,-,-,-,../Body Positions/Marichi's Pose
20,Split (Martial Arts) ⟮-⟯ [-] ⟨-⟩ ⧼Suspended⧽,Martial Arts Split,,Suspended,Split,Split,Martial Arts,-,-,-,../Body Positions/Martial Arts Split
360,Pose (Matsyendra's) ⟮-⟯ [-] ⟨-⟩ ⧼Sitting⧽,Matsyendra's Pose,"Lord of the Fishes, Matsyendrasana, मत्स्येन्द्रासन",Sitting,Pose,Pose,Matsyendra's,-,-,-,../Body Positions/Matsyendra's Pose
320,Mountain (-) ⟮-⟯ [-] ⟨-⟩ ⧼Standing⧽,Mountain,"Tadasana, ताडासन",Standing,,Mountain,-,-,-,-,../Body Positions/Mountain
306,Noose (-) ⟮-⟯ [-] ⟨-⟩ ⧼Squatting⧽,Noose,"Pashasana, पाशासन",Squatting,,Noose,-,-,-,-,../Body Positions/Noose
15,Split (Over) ⟮-⟯ [-] ⟨-⟩ ⧼Sitting⧽,Over Split,Oversplit,Sitting,Split,Split,Over,-,-,-,../Body Positions/Over Split
142,Military (Parade Rest) ⟮-⟯ [-] ⟨-⟩ ⧼Standing⧽,Parade Rest Military,Parade Rest Soldier,Standing,,Military,Parade Rest,-,-,-,../Body Positions/Parade Rest Military
195,Standing (-) ⟮-⟯ [Parallel Legs] ⟨-⟩ ⧼Standing⧽,Parallel Legs Standing,,Standing,,Standing,-,-,Parallel Legs,-,../Body Positions/Parallel Legs Standing
165,Bent (Partial) ⟮-⟯ [-] ⟨-⟩ ⧼Bending⧽,Partial Bent,,Bending,,Bent,Partial,-,-,-,../Body Positions/Partial Bent
72,Lunge (Partial) ⟮Lateral⟯ [-] ⟨-⟩ ⧼Lunging⧽,Partial Lateral Lunge,Side Lunge,Lunging,,Lunge,Partial,Lateral,-,-,../Body Positions/Partial Lateral Lunge
163,Lunge (Partial) ⟮-⟯ [-] ⟨-⟩ ⧼Lunging⧽,Partial Lunge,,Lunging,,Lunge,Partial,-,-,-,../Body Positions/Partial Lunge
65,Squatting (Partial) ⟮-⟯ [-] ⟨-⟩ ⧼Squatting⧽,Partial Squatting,,Squatting,,Squatting,Partial,-,-,-,../Body Positions/Partial Squatting
361,Peacock (-) ⟮-⟯ [-] ⟨-⟩ ⧼Balancing⧽,Peacock,"Mayurasana, मयूरासन",Balancing,,Peacock,-,-,-,-,../Body Positions/Peacock
355,Pendant (-) ⟮-⟯ [-] ⟨-⟩ ⧼Balancing⧽,Pendant,"Lolasana, लोलासन",Balancing,,Pendant,-,-,-,-,../Body Positions/Pendant
349,Pigeon (-) ⟮-⟯ [-] ⟨-⟩ ⧼Kneeling⧽,Pigeon,"Kapotasana, कपोतासन",Kneeling,,Pigeon,-,-,-,-,../Body Positions/Pigeon
8,Jumping (Pike) ⟮-⟯ [-] ⟨-⟩ ⧼Suspended⧽,Pike Jumping,Pike Jump,Suspended,,Jumping,Pike,-,-,-,../Body Positions/Pike Jumping
258,Planche (-) ⟮-⟯ [-] ⟨-⟩ ⧼Balancing⧽,Planche,,Balancing,,Planche,-,-,-,-,../Body Positions/Planche
53,Plank (-) ⟮-⟯ [-] ⟨-⟩ ⧼Crawling⧽,Plank,Low Plank,Crawling,,Plank,-,-,-,-,../Body Positions/Plank
345,Plough (-) ⟮-⟯ [-] ⟨-⟩ ⧼Inversion⧽,Plough,"Halasana, हलासन",Inversion,,Plough,-,-,-,-,../Body Positions/Plough
9,Arch (-) ⟮Prone⟯ [-] ⟨-⟩ ⧼Lying⧽,Prone Arch,,Lying,,Arch,-,Prone,-,-,../Body Positions/Prone Arch
138,Lying (-) ⟮Prone⟯ [-] ⟨-⟩ ⧼Lying⧽,Prone Lying,,Lying,,Lying,-,Prone,-,-,../Body Positions/Prone Lying
116,Prostration (-) ⟮-⟯ [-] ⟨-⟩ ⧼Crawling⧽,Prostration,Prostrating,Crawling,Gesture,Prostration,-,-,-,-,../Body Positions/Prostration
12,Standing (-) ⟮-⟯ [Raised Arms] ⟨-⟩ ⧼Standing⧽,Raised Arms Standing,Hasta Uttanasana,Standing,,Standing,-,-,Raised Arms,-,../Body Positions/Raised Arms Standing
161,Lying (-) ⟮Lateral⟯ [Raised Knee] ⟨-⟩ ⧼Lying⧽,Raised Knee Lateral Lying,Clamshell,Lying,,Lying,-,Lateral,Raised Knee,-,../Body Positions/Raised Knee Lateral Lying
178,Lying (-) ⟮Prone⟯ [Raised Knee] ⟨-⟩ ⧼Lying⧽,Raised Knee Prone Lying,,Lying,,Lying,-,-,Raised Knee,-,../Body Positions/Raised Knee Prone Lying
286,Fowler (High) ⟮Reverse⟯ [Raised Knee] ⟨-⟩ ⧼Sitting⧽,Raised Knee Reverse High Fowler,,Sitting,,Fowler,High,Reverse,Raised Knee,-,../Body Positions/Raised Knee Reverse High Fowler
287,Fowler (Low) ⟮Reverse⟯ [Raised Knee] ⟨-⟩ ⧼Sitting⧽,Raised Knee Reverse Low Fowler,,Sitting,,Fowler,Low,Reverse,Raised Knee,-,../Body Positions/Raised Knee Reverse Low Fowler
285,Fowler (Semi) ⟮Reverse⟯ [Raised Knee] ⟨-⟩ ⧼Sitting⧽,Raised Knee Reverse Semi Fowler,,Sitting,,Fowler,Semi,Reverse,Raised Knee,-,../Body Positions/Raised Knee Reverse Semi Fowler
271,Fowler (Semi) ⟮-⟯ [Raised Knee] ⟨-⟩ ⧼Sitting⧽,Raised Knee Semi Fowler,,Sitting,,Fowler,Semi,-,Raised Knee,-,../Body Positions/Raised Knee Semi Fowler
158,Lying (-) ⟮Supine⟯ [Raised Knee] ⟨-⟩ ⧼Lying⧽,Raised Knee Supine Lying,,Lying,,Lying,-,Supine,Raised Knee,-,../Body Positions/Raised Knee Supine Lying
264,Boat (-) ⟮-⟯ [Raised Knees] ⟨-⟩ ⧼Balancing⧽,Raised Knees Boat,,Balancing,,Boat,-,-,Raised Knees,-,../Body Positions/Raised Knees Boat
260,Fowler (High) ⟮-⟯ [Raised Knees] ⟨-⟩ ⧼Sitting⧽,Raised Knees High Fowler,,Sitting,,Fowler,High,-,Raised Knees,-,../Body Positions/Raised Knees High Fowler
171,Lying (-) ⟮Prone⟯ [Raised Knees] ⟨-⟩ ⧼Lying⧽,Raised Knees Prone Lying,,Lying,,Lying,-,-,Raised Knees,-,../Body Positions/Raised Knees Prone Lying
289,Fowler (High) ⟮Reverse⟯ [Raised Knees] ⟨-⟩ ⧼Sitting⧽,Raised Knees Reverse High Fowler,,Sitting,,Fowler,High,Reverse,Raised Knees,-,../Body Positions/Raised Knees Reverse High Fowler
290,Fowler (Low) ⟮Reverse⟯ [Raised Knees] ⟨-⟩ ⧼Sitting⧽,Raised Knees Reverse Low Fowler,,Sitting,,Fowler,Low,Reverse,Raised Knees,-,../Body Positions/Raised Knees Reverse Low Fowler
288,Fowler (Semi) ⟮Reverse⟯ [Raised Knees] ⟨-⟩ ⧼Sitting⧽,Raised Knees Reverse Semi Fowler,,Sitting,,Fowler,Semi,Reverse,Raised Knees,-,../Body Positions/Raised Knees Reverse Semi Fowler
261,Fowler (Semi) ⟮-⟯ [Raised Knees] ⟨-⟩ ⧼Sitting⧽,Raised Knees Semi Fowler,,Sitting,,Fowler,Semi,-,Raised Knees,-,../Body Positions/Raised Knees Semi Fowler
156,Lying (-) ⟮Supine⟯ [Raised Knees] ⟨-⟩ ⧼Lying⧽,Raised Knees Supine Lying,,Lying,,Lying,-,Supine,Raised Knees,-,../Body Positions/Raised Knees Supine Lying
162,Lying (-) ⟮Lateral⟯ [Raised Leg] ⟨-⟩ ⧼Lying⧽,Raised Leg Lateral Lying,,Lying,,Lying,-,Lateral,Raised Leg,-,../Body Positions/Raised Leg Lateral Lying
159,Lying (-) ⟮Supine⟯ [Raised Leg] ⟨-⟩ ⧼Lying⧽,Raised Leg Supine Lying,,Lying,,Lying,-,Supine,Raised Leg,-,../Body Positions/Raised Leg Supine Lying
176,Bridge (-) ⟮-⟯ [Raised Legs] ⟨-⟩ ⧼Inversion⧽,Raised Legs Bridge,,Inversion,,Bridge,-,-,Raised Legs,-,../Body Positions/Raised Legs Bridge
262,Fowler (High) ⟮-⟯ [Raised Legs] ⟨-⟩ ⧼Sitting⧽,Raised Legs High Fowler,,Sitting,,Fowler,High,-,Raised Legs,-,../Body Positions/Raised Legs High Fowler
170,Lying (-) ⟮Prone⟯ [Raised Legs] ⟨-⟩ ⧼Lying⧽,Raised Legs Prone Lying,,Lying,,Lying,-,-,Raised Legs,-,../Body Positions/Raised Legs Prone Lying
263,Fowler (Semi) ⟮-⟯ [Raised Legs] ⟨-⟩ ⧼Sitting⧽,Raised Legs Semi Fowler,,Sitting,,Fowler,Semi,-,Raised Legs,-,../Body Positions/Raised Legs Semi Fowler
157,Lying (-) ⟮Supine⟯ [Raised Legs] ⟨-⟩ ⧼Lying⧽,Raised Legs Supine Lying,,Lying,,Lying,-,Supine,Raised Legs,-,../Body Positions/Raised Legs Supine Lying
73,Lunge (-) ⟮Rear⟯ [-] ⟨-⟩ ⧼Lunging⧽,Rear Lunge,,Lunging,,Lunge,-,Rear,-,-,../Body Positions/Rear Lunge
143,Recovery (-) ⟮-⟯ [-] ⟨-⟩ ⧼Lying⧽,Recovery,,Lying,Medical,Recovery,-,-,-,-,../Body Positions/Recovery
126,Riding (Relaxed) ⟮-⟯ [-] ⟨-⟩ ⧼Straddling⧽,Relaxed Riding,,Straddling,,Riding,Relaxed,-,-,-,../Body Positions/Relaxed Riding
182,Bent (-) ⟮Reverse⟯ [-] ⟨-⟩ ⧼Bending⧽,Reverse Bent,,Bending,,Bent,-,Reverse,-,-,../Body Positions/Reverse Bent
232,Child (-) ⟮-⟯ [-] ⟨-⟩ ⧼Kneeling⧽,Reverse Child,,Kneeling,,Child,-,Reverse,-,-,../Body Positions/Reverse Child
110,Hanging (-) ⟮Reverse⟯ [-] ⟨-⟩ ⧼Hanging⧽,Reverse Hanging,,Hanging,,Hanging,-,Reverse,-,-,../Body Positions/Reverse Hanging
52,Plank (High) ⟮Reverse⟯ [-] ⟨-⟩ ⧼Crawling⧽,Reverse High Plank,,Crawling,,Plank,High,Reverse,-,-,../Body Positions/Reverse High Plank
60,Fowler (Low) ⟮Reverse⟯ [-] ⟨-⟩ ⧼Sitting⧽,Reverse Low Fowler,,Sitting,,Fowler,Low,Reverse,-,-,../Body Positions/Reverse Low Fowler
259,Planche (-) ⟮Reverse⟯ [-] ⟨-⟩ ⧼Balancing⧽,Reverse Planche,,Balancing,,Planche,-,Reverse,-,-,../Body Positions/Reverse Planche
62,Fowler (Semi) ⟮Reverse⟯ [-] ⟨-⟩ ⧼Sitting⧽,Reverse Semi Fowler,,Sitting,,Fowler,Semi,Reverse,-,-,../Body Positions/Reverse Semi Fowler
112,Suspended (-) ⟮Reverse⟯ [-] ⟨-⟩ ⧼Suspended⧽,Reverse Suspended,,Suspended,,Suspended,-,Reverse,-,-,../Body Positions/Reverse Suspended
30,Table Top (-) ⟮Reverse⟯ [-] ⟨-⟩ ⧼Crawling⧽,Reverse Table Top,"Crab, Ardha Purvottanasana",Crawling,,Table Top,-,Reverse,-,-,../Body Positions/Reverse Table Top
297,Warrior (-) ⟮Reverse⟯ [-] ⟨-⟩ ⧼Standing⧽,Reverse Warrior,"Reversed Warrior, Viparita Virabhadrasana, विपरीतवीरभद्रासन",Standing,,Warrior,-,Reverse,-,-,../Body Positions/Reverse Warrior
119,Rose (-) ⟮Supine⟯ [-] ⟨-⟩ ⧼Lying⧽,Rose,Rose,Lying,Medical,Rose,-,Supine,-,-,../Body Positions/Rose
243,Running (-) ⟮-⟯ [-] ⟨-⟩ ⧼Running⧽,Running,,Running,,Running,-,-,-,-,../Body Positions/Running
141,Military (Salute) ⟮-⟯ [-] ⟨-⟩ ⧼Standing⧽,Salute Military,Salute Soldier,Standing,,Military,Salute,-,-,-,../Body Positions/Salute Military
323,Scales (-) ⟮-⟯ [-] ⟨-⟩ ⧼Balancing⧽,Scales,"Balance, Tulasana, तुलासन",Balancing,,Scales,-,-,-,-,../Body Positions/Scales
303,Scorpion (-) ⟮-⟯ [-] ⟨-⟩ ⧼Inversion⧽,Scorpion,"Vrischikasana, वृश्चिकासन",Inversion,,Scorpion,-,-,-,-,../Body Positions/Scorpion
307,Bent (Seated) ⟮Forward⟯ [-] ⟨-⟩ ⧼Sitting⧽,Seated Forward Bent,"Paschimottanasana, पश्चिमोत्तानासन",Sitting,,Bent,Seated,Forward,-,-,../Body Positions/Seated Forward Bent
90,Slouching (-) ⟮-⟯ [Seated] ⟨-⟩ ⧼Sitting⧽,Seated Slouching,,Sitting,,Slouching,-,-,Seated,-,../Body Positions/Seated Slouching
331,Twist (Seated) ⟮-⟯ [-] ⟨-⟩ ⧼Kneeling⧽,Seated Twist,"Bharadvaja's Twist, Bharadvajasana, भरद्वाजासन",Kneeling,,Twist,Seated,-,-,-,../Body Positions/Seated Twist
58,Fowler (Semi) ⟮-⟯ [-] ⟨-⟩ ⧼Sitting⧽,Semi Fowler,45 Degree Fowler,Sitting,,Fowler,Semi,-,-,-,../Body Positions/Semi Fowler
343,Shoelace (-) ⟮-⟯ [-] ⟨-⟩ ⧼Sitting⧽,Shoelace,"Cow-faced, Gomukhasana, गोमुखासन",Sitting,Meditation,Shoelace,-,-,-,-,../Body Positions/Shoelace
257,Running (Short Stride) ⟮-⟯ [-] ⟨-⟩ ⧼Running⧽,Short Stride Running,,Running,,Running,Short Stride,-,-,-,../Body Positions/Short Stride Running
256,Walking (Short Stride) ⟮-⟯ [-] ⟨-⟩ ⧼Walking⧽,Short Stride Walking,,Walking,,Walking,Short Stride,-,-,-,../Body Positions/Short Stride Walking
312,Shoulderstand (-) ⟮-⟯ [-] ⟨-⟩ ⧼Balancing⧽,Shoulderstand,"Shoulder Stand, Sarvangasana, सालम्बसर्वाङ्गासन",Balancing,,Shoulderstand,-,-,-,-,../Body Positions/Shoulderstand
367,Side Angle (-) ⟮-⟯ [-] ⟨-⟩ ⧼Standing⧽,Side Angle,"Parshvakonasana, पार्श्वकोणासन",Standing,,Side Angle,-,-,-,-,../Body Positions/Side Angle
113,Sims (-) ⟮Lateral⟯ [-] ⟨-⟩ ⧼Lying⧽,Sims,,Lying,Sleeping,Sims,-,Lateral,-,-,../Body Positions/Sims
133,Kneeling (Sit) ⟮-⟯ [-] ⟨-⟩ ⧼Kneeling⧽,Sit Kneeling,"Virasana, Hero's Pose",Kneeling,,Kneeling,Sit,-,-,-,../Body Positions/Sit Kneeling
63,Sitting (-) ⟮-⟯ [-] ⟨-⟩ ⧼Sitting⧽,Sitting,,Sitting,,Sitting,-,-,-,-,../Body Positions/Sitting
335,Snail (-) ⟮-⟯ [-] ⟨-⟩ ⧼Balancing⧽,Snail,"Arm Pressing Posture, Bhujapidasana, भुजपीडासन",Balancing,,Snail,-,-,-,-,../Body Positions/Snail
6,Jumping (-) ⟮-⟯ [Split] ⟨-⟩ ⧼Suspended⧽,Split Jumping,Split Jump,Suspended,,Jumping,-,-,Split,-,../Body Positions/Split Jumping
70,Squatting (-) ⟮-⟯ [Split] ⟨-⟩ ⧼Squatting⧽,Split Squatting,,Squatting,,Squatting,-,-,Split,-,../Body Positions/Split Squatting
67,Squatting (-) ⟮-⟯ [-] ⟨-⟩ ⧼Squatting⧽,Squatting,,Squatting,,Squatting,-,-,-,-,../Body Positions/Squatting
338,Staff (-) ⟮-⟯ [-] ⟨-⟩ ⧼Sitting⧽,Staff,"Dandasana, दण्डासन",Sitting,,Staff,-,-,-,-,../Body Positions/Staff
86,Standing (-) ⟮-⟯ [-] ⟨-⟩ ⧼Standing⧽,Standing,,Standing,,Standing,-,-,-,-,../Body Positions/Standing
129,Starfish (-) ⟮-⟯ [-] ⟨-⟩ ⧼Lying⧽,Starfish,,Lying,Sleeping,Starfish,-,-,-,-,../Body Positions/Starfish
251,Running (Static) ⟮-⟯ [-] ⟨-⟩ ⧼Running⧽,Static Running,,Running,,Running,Static,-,-,-,../Body Positions/Static Running
250,Walking (Static) ⟮-⟯ [-] ⟨-⟩ ⧼Walking⧽,Static Walking,,Walking,,Walking,Static,-,-,-,../Body Positions/Static Walking
7,Jumping (-) ⟮-⟯ [Straddle] ⟨-⟩ ⧼Suspended⧽,Straddle Jumping,Straddle Jump,Suspended,,Jumping,-,-,Straddle,-,../Body Positions/Straddle Jumping
50,Planche (-) ⟮-⟯ [Straddle] ⟨-⟩ ⧼Balancing⧽,Straddle Planche,,Balancing,,Planche,-,-,Straddle,-,../Body Positions/Straddle Planche
179,Straddling (-) ⟮-⟯ [-] ⟨-⟩ ⧼Straddling⧽,Straddling,,Straddling,,Straddling,-,-,-,-,../Body Positions/Straddling
33,Sitting (-) ⟮-⟯ [Straight Knees] ⟨-⟩ ⧼Sitting⧽,Straight Knees Sitting,,Sitting,,Sitting,-,-,Straight Knees,-,../Body Positions/Straight Knees Sitting
255,Running (Stride) ⟮-⟯ [-] ⟨-⟩ ⧼Running⧽,Stride Running,,Running,,Running,Stride,-,-,-,../Body Positions/Stride Running
254,Walking (Stride) ⟮-⟯ [-] ⟨-⟩ ⧼Walking⧽,Stride Walking,,Walking,,Walking,Stride,-,-,-,../Body Positions/Stride Walking
318,Sun Salutation (-) ⟮-⟯ [-] ⟨-⟩ ⧼Standing⧽,Sun Salutation,"Salute to the Sun, Surya Namaskar, सुर्य नमस्कार",Standing,,Sun Salutation,-,-,-,-,../Body Positions/Sun Salutation
11,Hollow (-) ⟮Supine⟯ [-] ⟨-⟩ ⧼Lying⧽,Supine Hollow,,Lying,,Hollow,-,Supine,-,-,../Body Positions/Supine Hollow
137,Lying (-) ⟮Supine⟯ [-] ⟨-⟩ ⧼Lying⧽,Supine Lying,,Lying,,Lying,-,Supine,-,-,../Body Positions/Supine Lying
125,Eagle (Spread) ⟮Supine⟯ [-] ⟨-⟩ ⧼Lying⧽,Supine Spread Eagle,"Spreadeagle, Spread-Eagle",Lying,,Eagle,Spread,Supine,-,-,../Body Positions/Supine Spread Eagle
200,Bent (-) ⟮-⟯ [1 Leg] ⟨-⟩ ⧼Bending⧽,Supported 1 Leg Bent,,Bending,,Bent,-,-,1 Leg,Supported,../Body Positions/Supported 1 Leg Bent
273,Boat (-) ⟮-⟯ [-] ⟨Supported⟩ ⧼Balancing⧽,Supported Boat,,Balancing,,Boat,-,-,-,Supported,../Body Positions/Supported Boat
24,Headstand (Half) ⟮-⟯ [-] ⟨Supported⟩ ⧼Headstand⧽,Supported Half Headstand,,Balancing,,Headstand,Half,-,-,Supported,../Body Positions/Supported Half Headstand
88,Suspended (-) ⟮-⟯ [-] ⟨-⟩ ⧼Suspended⧽,Suspended,,Suspended,,Suspended,-,-,-,-,../Body Positions/Suspended
216,Plank (High) ⟮-⟯ [Suspended] ⟨-⟩ ⧼Suspended⧽,Suspended High Plank,,Suspended,,Plank,High,-,Suspended,-,../Body Positions/Suspended High Plank
215,Plank (Low) ⟮-⟯ [Suspended] ⟨-⟩ ⧼Suspended⧽,Suspended Low Plank,,Suspended,,Plank,Low,-,Suspended,-,../Body Positions/Suspended Low Plank
44,Split (Over) ⟮-⟯ [Suspended] ⟨-⟩ ⧼Suspended⧽,Suspended Over Split,Suspended Oversplit,Suspended,Split,Split,Over,-,Suspended,-,../Body Positions/Suspended Over Split
19,Split (-) ⟮-⟯ [Suspended] ⟨-⟩ ⧼Suspended⧽,Suspended Split,,Suspended,Split,Split,-,-,Suspended,-,../Body Positions/Suspended Split
31,Table Top (-) ⟮-⟯ [-] ⟨-⟩ ⧼Crawling⧽,Table Top,Bharmanasana,Crawling,,Table Top,-,-,-,-,../Body Positions/Table Top
149,Thrust (-) ⟮-⟯ [-] ⟨-⟩ ⧼Bending⧽,Thrust,,Bending,,Thrust,-,-,-,-,../Body Positions/Thrust
294,Thunderbolt (-) ⟮-⟯ [-] ⟨-⟩ ⧼Kneeling⧽,Thunderbolt,"Vajrasana, वज्रासन",Kneeling,Meditation,Thunderbolt,-,-,-,-,../Body Positions/Thunderbolt
354,Tortoise (-) ⟮-⟯ [-] ⟨-⟩ ⧼Sitting⧽,Tortoise,"Kurmasana, कूर्मासन",Sitting,,Tortoise,-,-,-,-,../Body Positions/Tortoise
302,Tree (-) ⟮-⟯ [-] ⟨-⟩ ⧼Balancing⧽,Tree,"Vrikshasana, वृक्षासन",Balancing,,Tree,-,-,-,-,../Body Positions/Tree
322,Triangle (-) ⟮-⟯ [-] ⟨-⟩ ⧼Standing⧽,Triangle,"Trikonasana, Utthita Trikonasana, त्रिकोणासन, उत्थित त्रिकोणासन",Standing,,Triangle,-,-,-,-,../Body Positions/Triangle
145,Tripod (-) ⟮-⟯ [-] ⟨-⟩ ⧼Sitting⧽,Tripod,,Sitting,Medical,Tripod,-,-,-,-,../Body Positions/Tripod
23,Headstand (Tripod) ⟮-⟯ [-] ⟨-⟩ ⧼Headstand⧽,Tripod Headstand,,Balancing,,Headstand,Tripod,-,-,-,../Body Positions/Tripod Headstand
5,Jumping (Tuck) ⟮-⟯ [-] ⟨-⟩ ⧼Suspended⧽,Tuck Jumping,Tuck Jump,Suspended,,Jumping,Tuck,-,-,-,../Body Positions/Tuck Jumping
46,Planche (Tucked) ⟮-⟯ [-] ⟨-⟩ ⧼Balancing⧽,Tucked Planche,,Balancing,,Planche,Tucked,-,-,-,../Body Positions/Tucked Planche
41,Split (Twist) ⟮-⟯ [-] ⟨-⟩ ⧼Standing⧽,Twist Split,"Twisting Split, Standing Twist Split, Standing Twisting Split",Standing,Split,Split,Twist,-,-,-,../Body Positions/Twist Split
164,Bent (Twisted) ⟮-⟯ [-] ⟨-⟩ ⧼Bending⧽,Twisted Bent,,Bending,,Bent,Twisted,-,-,-,../Body Positions/Twisted Bent
16,Split (-) ⟮Front⟯ [Upright] ⟨-⟩ ⧼Standing⧽,Upright Front Split,,Standing,Split,Split,-,Front,Upright,-,../Body Positions/Upright Front Split
40,Split (-) ⟮Lateral⟯ [Upright] ⟨-⟩ ⧼Standing⧽,Upright Lateral Split,"Trivikramasana, त्रिविक्रमासन",Standing,Split,Split,-,Lateral,Upright,-,../Body Positions/Upright Lateral Split
43,Split (Martial Arts) ⟮-⟯ [Upright] ⟨-⟩ ⧼Standing⧽,Upright Martial Arts Split,"Standing Martial Arts Split, Vertical Side Kick",Standing,Split,Split,Martial Arts,-,Upright,-,../Body Positions/Upright Martial Arts Split
42,Split (-) ⟮Rear⟯ [Upright] ⟨-⟩ ⧼Standing⧽,Upright Rear Split,,Standing,Split,Split,-,Rear,Upright,-,../Body Positions/Upright Rear Split
94,Slouching (-) ⟮-⟯ [Upright] ⟨-⟩ ⧼Standing⧽,Upright Slouching,,Standing,,Slouching,-,-,Upright,-,../Body Positions/Upright Slouching
45,Eagle (Spread) ⟮-⟯ [Upright] ⟨-⟩ ⧼Standing⧽,Upright Spread Eagle,,Standing,,Eagle,Spread,-,Upright,-,../Body Positions/Upright Spread Eagle
326,Dog (-) ⟮Upward⟯ [-] ⟨-⟩ ⧼Lying⧽,Upward Dog,"Upward Facing Dog, Urdhva Mukha Shvanasana, ऊर्ध्वमुखश्वानासन",Lying,,Dog,-,Upward,-,-,../Body Positions/Upward Dog
132,Jumping (-) ⟮Vertical⟯ [-] ⟨-⟩ ⧼Suspended⧽,Vertical Jumping,Vertical Jump,Suspended,,Jumping,-,Vertical,-,-,../Body Positions/Vertical Jumping
134,Kneeling (Vertical) ⟮-⟯ [-] ⟨-⟩ ⧼Kneeling⧽,Vertical Kneeling,,Kneeling,,Kneeling,Vertical,-,-,-,../Body Positions/Vertical Kneeling
144,Vertico Submental (-) ⟮-⟯ [-] ⟨-⟩ ⧼Lying⧽,Vertico Submental,Verticosubmental,Lying,Medical,Vertico Submental,-,-,-,-,../Body Positions/Vertico Submental
93,Riding (Very Relaxed) ⟮-⟯ [-] ⟨-⟩ ⧼Straddling⧽,Very Relaxed Riding,Fitness Riding,Straddling,,Riding,Very Relaxed,-,-,-,../Body Positions/Very Relaxed Riding
242,Walking (-) ⟮-⟯ [-] ⟨-⟩ ⧼Walking⧽,Walking,,Walking,,Walking,-,-,-,-,../Body Positions/Walking
298,Warrior (I) ⟮-⟯ [-] ⟨-⟩ ⧼Standing⧽,Warrior I,"Warrior 1, Virabhadrasana I, वीरभद्रासन",Standing,,Warrior,-,-,-,-,../Body Positions/Warrior I
299,Warrior (II) ⟮-⟯ [-] ⟨-⟩ ⧼Standing⧽,Warrior II,"Warrior 2, Virabhadrasana II, वीरभद्रासन II",Standing,,Warrior,-,-,-,-,../Body Positions/Warrior II
300,Warrior (III) ⟮-⟯ [-] ⟨-⟩ ⧼Standing⧽,Warrior III,"Warrior 3, Virabhadrasana III, वीरभद्रासन III",Standing,,Warrior,-,-,-,-,../Body Positions/Warrior III
325,Wheel (-) ⟮-⟯ [-] ⟨-⟩ ⧼Inversion⧽,Wheel,"Upwards Facing Bow, Urdhva Dhanurasana, Chakrasana, ऊर्ध्वधनुरासन, चक्रासन",Inversion,,Wheel,-,-,-,-,../Body Positions/Wheel
309,Bent (-) ⟮Forward⟯ [Wide Stance] ⟨-⟩ ⧼Bending⧽,Wide Stance Forward Bend,"Prasarita Padottanasana, प्रसारित पादोत्तानासन",Bending,,Bent,-,Forward,Wide Stance,-,../Body Positions/Wide Stance Forward Bend
128,Yearner (-) ⟮Lateral⟯ [-] ⟨-⟩ ⧼Lying⧽,Yearner,,Lying,Sleeping,Yearner,-,Lateral,-,-,../Body Positions/Yearner
304,Yogic Sleep (-) ⟮Supine⟯ [-] ⟨-⟩ ⧼Lying⧽,Yogic Sleep,"Noose Mudra, Yoganidrasana, Pasini Mudra, योगनिद्रासन",Lying,,Yogic Sleep,-,Supine,-,-,../Body Positions/Yogic Sleep
